chapter,chapter_num,chapter_title,section_num,section,section_title,brief_path,session_starter_path,section_tex,figure,table,listing,equation,diagnostic
ch01,1,From dense compute to conditional compute,1,1.1,The dense FFN bottleneck,section_development_briefs/ch01/01-the-dense-ffn-bottleneck.md,session_starters/ch01/01-the-dense-ffn-bottleneck.md,latex_book_skeleton/chapters/ch01/sections/01-the-dense-ffn-bottleneck.tex,latex_book_skeleton/figures/ch01/fig-the-dense-ffn-bottleneck.tex,latex_book_skeleton/tables/ch01/tab-the-dense-ffn-bottleneck.tex,latex_book_skeleton/listings/ch01/lst-the-dense-ffn-bottleneck.tex,latex_book_skeleton/equations/ch01/eq-the-dense-ffn-bottleneck.tex,A small cost table proving that increasing H increases every token path.
ch01,1,From dense compute to conditional compute,2,1.2,Conditional compute as the central idea,section_development_briefs/ch01/02-conditional-compute-as-the-central-idea.md,session_starters/ch01/02-conditional-compute-as-the-central-idea.md,latex_book_skeleton/chapters/ch01/sections/02-conditional-compute-as-the-central-idea.tex,latex_book_skeleton/figures/ch01/fig-conditional-compute-as-the-central-idea.tex,latex_book_skeleton/tables/ch01/tab-conditional-compute-as-the-central-idea.tex,latex_book_skeleton/listings/ch01/lst-conditional-compute-as-the-central-idea.tex,latex_book_skeleton/equations/ch01/eq-conditional-compute-as-the-central-idea.tex,"Compute the active fraction for E=4, K=2 and E=16, K=2."
ch01,1,From dense compute to conditional compute,3,1.3,A tiny routing story,section_development_briefs/ch01/03-a-tiny-routing-story.md,session_starters/ch01/03-a-tiny-routing-story.md,latex_book_skeleton/chapters/ch01/sections/03-a-tiny-routing-story.tex,latex_book_skeleton/figures/ch01/fig-a-tiny-routing-story.tex,latex_book_skeleton/tables/ch01/tab-a-tiny-routing-story.tex,latex_book_skeleton/listings/ch01/lst-a-tiny-routing-story.tex,latex_book_skeleton/equations/ch01/eq-a-tiny-routing-story.tex,Check that gates for each token sum to one after top-k normalization.
ch01,1,From dense compute to conditional compute,4,1.4,What from scratch means for this book,section_development_briefs/ch01/04-what-from-scratch-means-for-this-book.md,session_starters/ch01/04-what-from-scratch-means-for-this-book.md,latex_book_skeleton/chapters/ch01/sections/04-what-from-scratch-means-for-this-book.tex,latex_book_skeleton/figures/ch01/fig-what-from-scratch-means-for-this-book.tex,latex_book_skeleton/tables/ch01/tab-what-from-scratch-means-for-this-book.tex,latex_book_skeleton/listings/ch01/lst-what-from-scratch-means-for-this-book.tex,latex_book_skeleton/equations/ch01/eq-what-from-scratch-means-for-this-book.tex,"Checklist that every chapter must include shapes, a code path, and a verification artifact."
ch01,1,From dense compute to conditional compute,5,1.5,The MiniDeepSeekMoE build ladder,section_development_briefs/ch01/05-the-minideepseekmoe-build-ladder.md,session_starters/ch01/05-the-minideepseekmoe-build-ladder.md,latex_book_skeleton/chapters/ch01/sections/05-the-minideepseekmoe-build-ladder.tex,latex_book_skeleton/figures/ch01/fig-the-minideepseekmoe-build-ladder.tex,latex_book_skeleton/tables/ch01/tab-the-minideepseekmoe-build-ladder.tex,latex_book_skeleton/listings/ch01/lst-the-minideepseekmoe-build-ladder.tex,latex_book_skeleton/equations/ch01/eq-the-minideepseekmoe-build-ladder.tex,Milestone checklist that marks which diagnostics appear by each chapter.
ch01,1,From dense compute to conditional compute,6,1.6,Chapter summary and handoff,section_development_briefs/ch01/06-chapter-summary-and-handoff.md,session_starters/ch01/06-chapter-summary-and-handoff.md,latex_book_skeleton/chapters/ch01/sections/06-chapter-summary-and-handoff.tex,latex_book_skeleton/figures/ch01/fig-chapter-summary-and-handoff.tex,latex_book_skeleton/tables/ch01/tab-chapter-summary-and-handoff.tex,latex_book_skeleton/listings/ch01/lst-chapter-summary-and-handoff.tex,latex_book_skeleton/equations/ch01/eq-chapter-summary-and-handoff.tex,Reader checkpoint: identify which part of the dense model will be replaced by MoE.
ch02,2,A dense Transformer baseline from scratch,1,2.1,Dataset and token batches,section_development_briefs/ch02/01-dataset-and-token-batches.md,session_starters/ch02/01-dataset-and-token-batches.md,latex_book_skeleton/chapters/ch02/sections/01-dataset-and-token-batches.tex,latex_book_skeleton/figures/ch02/fig-dataset-and-token-batches.tex,latex_book_skeleton/tables/ch02/tab-dataset-and-token-batches.tex,latex_book_skeleton/listings/ch02/lst-dataset-and-token-batches.tex,latex_book_skeleton/equations/ch02/eq-dataset-and-token-batches.tex,Print the first input-target pair and decode it to verify shifting.
ch02,2,A dense Transformer baseline from scratch,2,2.2,Token and position embeddings,section_development_briefs/ch02/02-token-and-position-embeddings.md,session_starters/ch02/02-token-and-position-embeddings.md,latex_book_skeleton/chapters/ch02/sections/02-token-and-position-embeddings.tex,latex_book_skeleton/figures/ch02/fig-token-and-position-embeddings.tex,latex_book_skeleton/tables/ch02/tab-token-and-position-embeddings.tex,latex_book_skeleton/listings/ch02/lst-token-and-position-embeddings.tex,latex_book_skeleton/equations/ch02/eq-token-and-position-embeddings.tex,Assert output shape and confirm gradients flow to both embedding tables.
ch02,2,A dense Transformer baseline from scratch,3,2.3,Causal self-attention as the context path,section_development_briefs/ch02/03-causal-self-attention-as-the-context-path.md,session_starters/ch02/03-causal-self-attention-as-the-context-path.md,latex_book_skeleton/chapters/ch02/sections/03-causal-self-attention-as-the-context-path.tex,latex_book_skeleton/figures/ch02/fig-causal-self-attention-as-the-context-path.tex,latex_book_skeleton/tables/ch02/tab-causal-self-attention-as-the-context-path.tex,latex_book_skeleton/listings/ch02/lst-causal-self-attention-as-the-context-path.tex,latex_book_skeleton/equations/ch02/eq-causal-self-attention-as-the-context-path.tex,Check that a token cannot attend to future positions.
ch02,2,A dense Transformer baseline from scratch,4,2.4,Dense feed-forward block as the replacement target,section_development_briefs/ch02/04-dense-feed-forward-block-as-the-replacement-target.md,session_starters/ch02/04-dense-feed-forward-block-as-the-replacement-target.md,latex_book_skeleton/chapters/ch02/sections/04-dense-feed-forward-block-as-the-replacement-target.tex,latex_book_skeleton/figures/ch02/fig-dense-feed-forward-block-as-the-replacement-target.tex,latex_book_skeleton/tables/ch02/tab-dense-feed-forward-block-as-the-replacement-target.tex,latex_book_skeleton/listings/ch02/lst-dense-feed-forward-block-as-the-replacement-target.tex,latex_book_skeleton/equations/ch02/eq-dense-feed-forward-block-as-the-replacement-target.tex,Confirm FFN preserves the final D dimension.
ch02,2,A dense Transformer baseline from scratch,5,2.5,Training loop and sampling baseline,section_development_briefs/ch02/05-training-loop-and-sampling-baseline.md,session_starters/ch02/05-training-loop-and-sampling-baseline.md,latex_book_skeleton/chapters/ch02/sections/05-training-loop-and-sampling-baseline.tex,latex_book_skeleton/figures/ch02/fig-training-loop-and-sampling-baseline.tex,latex_book_skeleton/tables/ch02/tab-training-loop-and-sampling-baseline.tex,latex_book_skeleton/listings/ch02/lst-training-loop-and-sampling-baseline.tex,latex_book_skeleton/equations/ch02/eq-training-loop-and-sampling-baseline.tex,Track train and validation loss plus samples at fixed intervals.
ch02,2,A dense Transformer baseline from scratch,6,2.6,Baseline diagnostics and comparison slots,section_development_briefs/ch02/06-baseline-diagnostics-and-comparison-slots.md,session_starters/ch02/06-baseline-diagnostics-and-comparison-slots.md,latex_book_skeleton/chapters/ch02/sections/06-baseline-diagnostics-and-comparison-slots.tex,latex_book_skeleton/figures/ch02/fig-baseline-diagnostics-and-comparison-slots.tex,latex_book_skeleton/tables/ch02/tab-baseline-diagnostics-and-comparison-slots.tex,latex_book_skeleton/listings/ch02/lst-baseline-diagnostics-and-comparison-slots.tex,latex_book_skeleton/equations/ch02/eq-baseline-diagnostics-and-comparison-slots.tex,Write the first baseline row in the experiment comparison table.
ch03,3,"Experts, routers, and the first MoE layer",1,3.1,Expert MLPs as named FFNs,section_development_briefs/ch03/01-expert-mlps-as-named-ffns.md,session_starters/ch03/01-expert-mlps-as-named-ffns.md,latex_book_skeleton/chapters/ch03/sections/01-expert-mlps-as-named-ffns.tex,latex_book_skeleton/figures/ch03/fig-expert-mlps-as-named-ffns.tex,latex_book_skeleton/tables/ch03/tab-expert-mlps-as-named-ffns.tex,latex_book_skeleton/listings/ch03/lst-expert-mlps-as-named-ffns.tex,latex_book_skeleton/equations/ch03/eq-expert-mlps-as-named-ffns.tex,Run all experts on the same token and compare output shapes.
ch03,3,"Experts, routers, and the first MoE layer",2,3.2,Router scores and tensor shapes,section_development_briefs/ch03/02-router-scores-and-tensor-shapes.md,session_starters/ch03/02-router-scores-and-tensor-shapes.md,latex_book_skeleton/chapters/ch03/sections/02-router-scores-and-tensor-shapes.tex,latex_book_skeleton/figures/ch03/fig-router-scores-and-tensor-shapes.tex,latex_book_skeleton/tables/ch03/tab-router-scores-and-tensor-shapes.tex,latex_book_skeleton/listings/ch03/lst-router-scores-and-tensor-shapes.tex,latex_book_skeleton/equations/ch03/eq-router-scores-and-tensor-shapes.tex,Assert that the expert dimension equals n_experts and token dimension equals B*T.
ch03,3,"Experts, routers, and the first MoE layer",3,3.3,Top-k selection without dispatch,section_development_briefs/ch03/03-top-k-selection-without-dispatch.md,session_starters/ch03/03-top-k-selection-without-dispatch.md,latex_book_skeleton/chapters/ch03/sections/03-top-k-selection-without-dispatch.tex,latex_book_skeleton/figures/ch03/fig-top-k-selection-without-dispatch.tex,latex_book_skeleton/tables/ch03/tab-top-k-selection-without-dispatch.tex,latex_book_skeleton/listings/ch03/lst-top-k-selection-without-dispatch.tex,latex_book_skeleton/equations/ch03/eq-top-k-selection-without-dispatch.tex,Verify that every token has exactly K selected expert IDs.
ch03,3,"Experts, routers, and the first MoE layer",4,3.4,Naive token-by-token dispatch,section_development_briefs/ch03/04-naive-token-by-token-dispatch.md,session_starters/ch03/04-naive-token-by-token-dispatch.md,latex_book_skeleton/chapters/ch03/sections/04-naive-token-by-token-dispatch.tex,latex_book_skeleton/figures/ch03/fig-naive-token-by-token-dispatch.tex,latex_book_skeleton/tables/ch03/tab-naive-token-by-token-dispatch.tex,latex_book_skeleton/listings/ch03/lst-naive-token-by-token-dispatch.tex,latex_book_skeleton/equations/ch03/eq-naive-token-by-token-dispatch.tex,Compare output shape to dense FFN output and inspect gates per token.
ch03,3,"Experts, routers, and the first MoE layer",5,3.5,Shape and gradient checks,section_development_briefs/ch03/05-shape-and-gradient-checks.md,session_starters/ch03/05-shape-and-gradient-checks.md,latex_book_skeleton/chapters/ch03/sections/05-shape-and-gradient-checks.tex,latex_book_skeleton/figures/ch03/fig-shape-and-gradient-checks.tex,latex_book_skeleton/tables/ch03/tab-shape-and-gradient-checks.tex,latex_book_skeleton/listings/ch03/lst-shape-and-gradient-checks.tex,latex_book_skeleton/equations/ch03/eq-shape-and-gradient-checks.tex,Count selected expert IDs and check nonzero gradients for selected expert parameters.
ch03,3,"Experts, routers, and the first MoE layer",6,3.6,Chapter summary and handoff,section_development_briefs/ch03/06-chapter-summary-and-handoff.md,session_starters/ch03/06-chapter-summary-and-handoff.md,latex_book_skeleton/chapters/ch03/sections/06-chapter-summary-and-handoff.tex,latex_book_skeleton/figures/ch03/fig-chapter-summary-and-handoff.tex,latex_book_skeleton/tables/ch03/tab-chapter-summary-and-handoff.tex,latex_book_skeleton/listings/ch03/lst-chapter-summary-and-handoff.tex,latex_book_skeleton/equations/ch03/eq-chapter-summary-and-handoff.tex,"Reader checkpoint: identify where routing, expert computation, and combine happen in code."
ch04,4,Top-1 routing and Switch-style dispatch,1,4.1,Why top-1 routing is the simplest sparse case,section_development_briefs/ch04/01-why-top-1-routing-is-the-simplest-sparse-case.md,session_starters/ch04/01-why-top-1-routing-is-the-simplest-sparse-case.md,latex_book_skeleton/chapters/ch04/sections/01-why-top-1-routing-is-the-simplest-sparse-case.tex,latex_book_skeleton/figures/ch04/fig-why-top-1-routing-is-the-simplest-sparse-case.tex,latex_book_skeleton/tables/ch04/tab-why-top-1-routing-is-the-simplest-sparse-case.tex,latex_book_skeleton/listings/ch04/lst-why-top-1-routing-is-the-simplest-sparse-case.tex,latex_book_skeleton/equations/ch04/eq-why-top-1-routing-is-the-simplest-sparse-case.tex,Verify each token has one expert and one scalar gate.
ch04,4,Top-1 routing and Switch-style dispatch,2,4.2,Assignment masks and expert buckets,section_development_briefs/ch04/02-assignment-masks-and-expert-buckets.md,session_starters/ch04/02-assignment-masks-and-expert-buckets.md,latex_book_skeleton/chapters/ch04/sections/02-assignment-masks-and-expert-buckets.tex,latex_book_skeleton/figures/ch04/fig-assignment-masks-and-expert-buckets.tex,latex_book_skeleton/tables/ch04/tab-assignment-masks-and-expert-buckets.tex,latex_book_skeleton/listings/ch04/lst-assignment-masks-and-expert-buckets.tex,latex_book_skeleton/equations/ch04/eq-assignment-masks-and-expert-buckets.tex,Sum the mask across experts to confirm each token is assigned once.
ch04,4,Top-1 routing and Switch-style dispatch,3,4.3,Dispatching tokens to selected experts,section_development_briefs/ch04/03-dispatching-tokens-to-selected-experts.md,session_starters/ch04/03-dispatching-tokens-to-selected-experts.md,latex_book_skeleton/chapters/ch04/sections/03-dispatching-tokens-to-selected-experts.tex,latex_book_skeleton/figures/ch04/fig-dispatching-tokens-to-selected-experts.tex,latex_book_skeleton/tables/ch04/tab-dispatching-tokens-to-selected-experts.tex,latex_book_skeleton/listings/ch04/lst-dispatching-tokens-to-selected-experts.tex,latex_book_skeleton/equations/ch04/eq-dispatching-tokens-to-selected-experts.tex,Assert output rows return to the original token order.
ch04,4,Top-1 routing and Switch-style dispatch,4,4.4,Capacity and dropped tokens,section_development_briefs/ch04/04-capacity-and-dropped-tokens.md,session_starters/ch04/04-capacity-and-dropped-tokens.md,latex_book_skeleton/chapters/ch04/sections/04-capacity-and-dropped-tokens.tex,latex_book_skeleton/figures/ch04/fig-capacity-and-dropped-tokens.tex,latex_book_skeleton/tables/ch04/tab-capacity-and-dropped-tokens.tex,latex_book_skeleton/listings/ch04/lst-capacity-and-dropped-tokens.tex,latex_book_skeleton/equations/ch04/eq-capacity-and-dropped-tokens.tex,Report dropped_token_count and per-expert accepted counts.
ch04,4,Top-1 routing and Switch-style dispatch,5,4.5,Load histograms and failure modes,section_development_briefs/ch04/05-load-histograms-and-failure-modes.md,session_starters/ch04/05-load-histograms-and-failure-modes.md,latex_book_skeleton/chapters/ch04/sections/05-load-histograms-and-failure-modes.tex,latex_book_skeleton/figures/ch04/fig-load-histograms-and-failure-modes.tex,latex_book_skeleton/tables/ch04/tab-load-histograms-and-failure-modes.tex,latex_book_skeleton/listings/ch04/lst-load-histograms-and-failure-modes.tex,latex_book_skeleton/equations/ch04/eq-load-histograms-and-failure-modes.tex,Save a histogram and a warning if max load is much larger than average load.
ch04,4,Top-1 routing and Switch-style dispatch,6,4.6,Chapter summary and handoff,section_development_briefs/ch04/06-chapter-summary-and-handoff.md,session_starters/ch04/06-chapter-summary-and-handoff.md,latex_book_skeleton/chapters/ch04/sections/06-chapter-summary-and-handoff.tex,latex_book_skeleton/figures/ch04/fig-chapter-summary-and-handoff.tex,latex_book_skeleton/tables/ch04/tab-chapter-summary-and-handoff.tex,latex_book_skeleton/listings/ch04/lst-chapter-summary-and-handoff.tex,latex_book_skeleton/equations/ch04/eq-chapter-summary-and-handoff.tex,"Compare validation loss smoke run with dense baseline, without claiming quality superiority."
ch05,5,Top-2 routing and weighted expert combination,1,5.1,Why top-2 changes the routing story,section_development_briefs/ch05/01-why-top-2-changes-the-routing-story.md,session_starters/ch05/01-why-top-2-changes-the-routing-story.md,latex_book_skeleton/chapters/ch05/sections/01-why-top-2-changes-the-routing-story.tex,latex_book_skeleton/figures/ch05/fig-why-top-2-changes-the-routing-story.tex,latex_book_skeleton/tables/ch05/tab-why-top-2-changes-the-routing-story.tex,latex_book_skeleton/listings/ch05/lst-why-top-2-changes-the-routing-story.tex,latex_book_skeleton/equations/ch05/eq-why-top-2-changes-the-routing-story.tex,Compare active expert calls per token for K=1 and K=2.
ch05,5,Top-2 routing and weighted expert combination,2,5.2,Normalizing selected router scores,section_development_briefs/ch05/02-normalizing-selected-router-scores.md,session_starters/ch05/02-normalizing-selected-router-scores.md,latex_book_skeleton/chapters/ch05/sections/02-normalizing-selected-router-scores.tex,latex_book_skeleton/figures/ch05/fig-normalizing-selected-router-scores.tex,latex_book_skeleton/tables/ch05/tab-normalizing-selected-router-scores.tex,latex_book_skeleton/listings/ch05/lst-normalizing-selected-router-scores.tex,latex_book_skeleton/equations/ch05/eq-normalizing-selected-router-scores.tex,"Assert torch.allclose(gates.sum(-1), ones)."
ch05,5,Top-2 routing and weighted expert combination,3,5.3,Dispatch for two expert paths per token,section_development_briefs/ch05/03-dispatch-for-two-expert-paths-per-token.md,session_starters/ch05/03-dispatch-for-two-expert-paths-per-token.md,latex_book_skeleton/chapters/ch05/sections/03-dispatch-for-two-expert-paths-per-token.tex,latex_book_skeleton/figures/ch05/fig-dispatch-for-two-expert-paths-per-token.tex,latex_book_skeleton/tables/ch05/tab-dispatch-for-two-expert-paths-per-token.tex,latex_book_skeleton/listings/ch05/lst-dispatch-for-two-expert-paths-per-token.tex,latex_book_skeleton/equations/ch05/eq-dispatch-for-two-expert-paths-per-token.tex,Check output changes when gates are manually swapped.
ch05,5,Top-2 routing and weighted expert combination,4,5.4,Comparing top-1 and top-2 diagnostics,section_development_briefs/ch05/04-comparing-top-1-and-top-2-diagnostics.md,session_starters/ch05/04-comparing-top-1-and-top-2-diagnostics.md,latex_book_skeleton/chapters/ch05/sections/04-comparing-top-1-and-top-2-diagnostics.tex,latex_book_skeleton/figures/ch05/fig-comparing-top-1-and-top-2-diagnostics.tex,latex_book_skeleton/tables/ch05/tab-comparing-top-1-and-top-2-diagnostics.tex,latex_book_skeleton/listings/ch05/lst-comparing-top-1-and-top-2-diagnostics.tex,latex_book_skeleton/equations/ch05/eq-comparing-top-1-and-top-2-diagnostics.tex,Save a comparison table and one histogram per routing mode.
ch05,5,Top-2 routing and weighted expert combination,5,5.5,Numerical stability in top-k gates,section_development_briefs/ch05/05-numerical-stability-in-top-k-gates.md,session_starters/ch05/05-numerical-stability-in-top-k-gates.md,latex_book_skeleton/chapters/ch05/sections/05-numerical-stability-in-top-k-gates.tex,latex_book_skeleton/figures/ch05/fig-numerical-stability-in-top-k-gates.tex,latex_book_skeleton/tables/ch05/tab-numerical-stability-in-top-k-gates.tex,latex_book_skeleton/listings/ch05/lst-numerical-stability-in-top-k-gates.tex,latex_book_skeleton/equations/ch05/eq-numerical-stability-in-top-k-gates.tex,Unit tests for finite gates and gradients under small scores.
ch05,5,Top-2 routing and weighted expert combination,6,5.6,Chapter summary and handoff,section_development_briefs/ch05/06-chapter-summary-and-handoff.md,session_starters/ch05/06-chapter-summary-and-handoff.md,latex_book_skeleton/chapters/ch05/sections/06-chapter-summary-and-handoff.tex,latex_book_skeleton/figures/ch05/fig-chapter-summary-and-handoff.tex,latex_book_skeleton/tables/ch05/tab-chapter-summary-and-handoff.tex,latex_book_skeleton/listings/ch05/lst-chapter-summary-and-handoff.tex,latex_book_skeleton/equations/ch05/eq-chapter-summary-and-handoff.tex,Reader checkpoint: explain why gates sum to one after selecting top-k only.
ch06,6,"Vectorized dispatch, capacity, and routing efficiency",1,6.1,Flattened tokens as the dispatch unit,section_development_briefs/ch06/01-flattened-tokens-as-the-dispatch-unit.md,session_starters/ch06/01-flattened-tokens-as-the-dispatch-unit.md,latex_book_skeleton/chapters/ch06/sections/01-flattened-tokens-as-the-dispatch-unit.tex,latex_book_skeleton/figures/ch06/fig-flattened-tokens-as-the-dispatch-unit.tex,latex_book_skeleton/tables/ch06/tab-flattened-tokens-as-the-dispatch-unit.tex,latex_book_skeleton/listings/ch06/lst-flattened-tokens-as-the-dispatch-unit.tex,latex_book_skeleton/equations/ch06/eq-flattened-tokens-as-the-dispatch-unit.tex,Round-trip flatten/unflatten equality check.
ch06,6,"Vectorized dispatch, capacity, and routing efficiency",2,6.2,Expert batch construction,section_development_briefs/ch06/02-expert-batch-construction.md,session_starters/ch06/02-expert-batch-construction.md,latex_book_skeleton/chapters/ch06/sections/02-expert-batch-construction.tex,latex_book_skeleton/figures/ch06/fig-expert-batch-construction.tex,latex_book_skeleton/tables/ch06/tab-expert-batch-construction.tex,latex_book_skeleton/listings/ch06/lst-expert-batch-construction.tex,latex_book_skeleton/equations/ch06/eq-expert-batch-construction.tex,Ensure each accepted route has exactly one expert slot.
ch06,6,"Vectorized dispatch, capacity, and routing efficiency",3,6.3,Capacity factors and overflow policy,section_development_briefs/ch06/03-capacity-factors-and-overflow-policy.md,session_starters/ch06/03-capacity-factors-and-overflow-policy.md,latex_book_skeleton/chapters/ch06/sections/03-capacity-factors-and-overflow-policy.tex,latex_book_skeleton/figures/ch06/fig-capacity-factors-and-overflow-policy.tex,latex_book_skeleton/tables/ch06/tab-capacity-factors-and-overflow-policy.tex,latex_book_skeleton/listings/ch06/lst-capacity-factors-and-overflow-policy.tex,latex_book_skeleton/equations/ch06/eq-capacity-factors-and-overflow-policy.tex,Log overflow route count and overflow fraction.
ch06,6,"Vectorized dispatch, capacity, and routing efficiency",4,6.4,Unpacking and weighted combine,section_development_briefs/ch06/04-unpacking-and-weighted-combine.md,session_starters/ch06/04-unpacking-and-weighted-combine.md,latex_book_skeleton/chapters/ch06/sections/04-unpacking-and-weighted-combine.tex,latex_book_skeleton/figures/ch06/fig-unpacking-and-weighted-combine.tex,latex_book_skeleton/tables/ch06/tab-unpacking-and-weighted-combine.tex,latex_book_skeleton/listings/ch06/lst-unpacking-and-weighted-combine.tex,latex_book_skeleton/equations/ch06/eq-unpacking-and-weighted-combine.tex,Compare vectorized output to naive output when capacity is large enough for no overflow.
ch06,6,"Vectorized dispatch, capacity, and routing efficiency",5,6.5,Equivalence tests against the naive layer,section_development_briefs/ch06/05-equivalence-tests-against-the-naive-layer.md,session_starters/ch06/05-equivalence-tests-against-the-naive-layer.md,latex_book_skeleton/chapters/ch06/sections/05-equivalence-tests-against-the-naive-layer.tex,latex_book_skeleton/figures/ch06/fig-equivalence-tests-against-the-naive-layer.tex,latex_book_skeleton/tables/ch06/tab-equivalence-tests-against-the-naive-layer.tex,latex_book_skeleton/listings/ch06/lst-equivalence-tests-against-the-naive-layer.tex,latex_book_skeleton/equations/ch06/eq-equivalence-tests-against-the-naive-layer.tex,Fail if max_abs_diff exceeds tolerance in no-overflow settings.
ch06,6,"Vectorized dispatch, capacity, and routing efficiency",6,6.6,Chapter summary and handoff,section_development_briefs/ch06/06-chapter-summary-and-handoff.md,session_starters/ch06/06-chapter-summary-and-handoff.md,latex_book_skeleton/chapters/ch06/sections/06-chapter-summary-and-handoff.tex,latex_book_skeleton/figures/ch06/fig-chapter-summary-and-handoff.tex,latex_book_skeleton/tables/ch06/tab-chapter-summary-and-handoff.tex,latex_book_skeleton/listings/ch06/lst-chapter-summary-and-handoff.tex,latex_book_skeleton/equations/ch06/eq-chapter-summary-and-handoff.tex,Reader checkpoint: identify where dropped routes enter the output calculation.
ch07,7,Router training and load-balancing losses,1,7.1,Expert imbalance as a training problem,section_development_briefs/ch07/01-expert-imbalance-as-a-training-problem.md,session_starters/ch07/01-expert-imbalance-as-a-training-problem.md,latex_book_skeleton/chapters/ch07/sections/01-expert-imbalance-as-a-training-problem.tex,latex_book_skeleton/figures/ch07/fig-expert-imbalance-as-a-training-problem.tex,latex_book_skeleton/tables/ch07/tab-expert-imbalance-as-a-training-problem.tex,latex_book_skeleton/listings/ch07/lst-expert-imbalance-as-a-training-problem.tex,latex_book_skeleton/equations/ch07/eq-expert-imbalance-as-a-training-problem.tex,Report max_load/mean_load and number of empty experts.
ch07,7,Router training and load-balancing losses,2,7.2,Auxiliary load-balancing loss,section_development_briefs/ch07/02-auxiliary-load-balancing-loss.md,session_starters/ch07/02-auxiliary-load-balancing-loss.md,latex_book_skeleton/chapters/ch07/sections/02-auxiliary-load-balancing-loss.tex,latex_book_skeleton/figures/ch07/fig-auxiliary-load-balancing-loss.tex,latex_book_skeleton/tables/ch07/tab-auxiliary-load-balancing-loss.tex,latex_book_skeleton/listings/ch07/lst-auxiliary-load-balancing-loss.tex,latex_book_skeleton/equations/ch07/eq-auxiliary-load-balancing-loss.tex,Check loss is lower for balanced synthetic routing than collapsed routing.
ch07,7,Router training and load-balancing losses,3,7.3,Integrating auxiliary loss into training,section_development_briefs/ch07/03-integrating-auxiliary-loss-into-training.md,session_starters/ch07/03-integrating-auxiliary-loss-into-training.md,latex_book_skeleton/chapters/ch07/sections/03-integrating-auxiliary-loss-into-training.tex,latex_book_skeleton/figures/ch07/fig-integrating-auxiliary-loss-into-training.tex,latex_book_skeleton/tables/ch07/tab-integrating-auxiliary-loss-into-training.tex,latex_book_skeleton/listings/ch07/lst-integrating-auxiliary-loss-into-training.tex,latex_book_skeleton/equations/ch07/eq-integrating-auxiliary-loss-into-training.tex,Log individual losses separately so balancing cannot hide LM degradation.
ch07,7,Router training and load-balancing losses,4,7.4,Router score scale and z-loss,section_development_briefs/ch07/04-router-score-scale-and-z-loss.md,session_starters/ch07/04-router-score-scale-and-z-loss.md,latex_book_skeleton/chapters/ch07/sections/04-router-score-scale-and-z-loss.tex,latex_book_skeleton/figures/ch07/fig-router-score-scale-and-z-loss.tex,latex_book_skeleton/tables/ch07/tab-router-score-scale-and-z-loss.tex,latex_book_skeleton/listings/ch07/lst-router-score-scale-and-z-loss.tex,latex_book_skeleton/equations/ch07/eq-router-score-scale-and-z-loss.tex,"Track router score max, entropy, and z-loss over training."
ch07,7,Router training and load-balancing losses,5,7.5,Routing dashboards and training logs,section_development_briefs/ch07/05-routing-dashboards-and-training-logs.md,session_starters/ch07/05-routing-dashboards-and-training-logs.md,latex_book_skeleton/chapters/ch07/sections/05-routing-dashboards-and-training-logs.tex,latex_book_skeleton/figures/ch07/fig-routing-dashboards-and-training-logs.tex,latex_book_skeleton/tables/ch07/tab-routing-dashboards-and-training-logs.tex,latex_book_skeleton/listings/ch07/lst-routing-dashboards-and-training-logs.tex,latex_book_skeleton/equations/ch07/eq-routing-dashboards-and-training-logs.tex,Generate a dashboard PDF or image after a short smoke run.
ch07,7,Router training and load-balancing losses,6,7.6,Chapter summary and handoff,section_development_briefs/ch07/06-chapter-summary-and-handoff.md,session_starters/ch07/06-chapter-summary-and-handoff.md,latex_book_skeleton/chapters/ch07/sections/06-chapter-summary-and-handoff.tex,latex_book_skeleton/figures/ch07/fig-chapter-summary-and-handoff.tex,latex_book_skeleton/tables/ch07/tab-chapter-summary-and-handoff.tex,latex_book_skeleton/listings/ch07/lst-chapter-summary-and-handoff.tex,latex_book_skeleton/equations/ch07/eq-chapter-summary-and-handoff.tex,Reader checkpoint: explain why aux_loss must be logged separately from LM loss.
ch08,8,Shared experts and fine-grained routed experts,1,8.1,The role of shared experts,section_development_briefs/ch08/01-the-role-of-shared-experts.md,session_starters/ch08/01-the-role-of-shared-experts.md,latex_book_skeleton/chapters/ch08/sections/01-the-role-of-shared-experts.tex,latex_book_skeleton/figures/ch08/fig-the-role-of-shared-experts.tex,latex_book_skeleton/tables/ch08/tab-the-role-of-shared-experts.tex,latex_book_skeleton/listings/ch08/lst-the-role-of-shared-experts.tex,latex_book_skeleton/equations/ch08/eq-the-role-of-shared-experts.tex,"Verify shared experts receive gradients for every token, not only selected tokens."
ch08,8,Shared experts and fine-grained routed experts,2,8.2,Fine-grained routed expert segmentation,section_development_briefs/ch08/02-fine-grained-routed-expert-segmentation.md,session_starters/ch08/02-fine-grained-routed-expert-segmentation.md,latex_book_skeleton/chapters/ch08/sections/02-fine-grained-routed-expert-segmentation.tex,latex_book_skeleton/figures/ch08/fig-fine-grained-routed-expert-segmentation.tex,latex_book_skeleton/tables/ch08/tab-fine-grained-routed-expert-segmentation.tex,latex_book_skeleton/listings/ch08/lst-fine-grained-routed-expert-segmentation.tex,latex_book_skeleton/equations/ch08/eq-fine-grained-routed-expert-segmentation.tex,Compute total and active expert parameters for several segmentations.
ch08,8,Shared experts and fine-grained routed experts,3,8.3,The MiniDeepSeekMoE layer contract,section_development_briefs/ch08/03-the-minideepseekmoe-layer-contract.md,session_starters/ch08/03-the-minideepseekmoe-layer-contract.md,latex_book_skeleton/chapters/ch08/sections/03-the-minideepseekmoe-layer-contract.tex,latex_book_skeleton/figures/ch08/fig-the-minideepseekmoe-layer-contract.tex,latex_book_skeleton/tables/ch08/tab-the-minideepseekmoe-layer-contract.tex,latex_book_skeleton/listings/ch08/lst-the-minideepseekmoe-layer-contract.tex,latex_book_skeleton/equations/ch08/eq-the-minideepseekmoe-layer-contract.tex,Assert layer output shape equals input shape under smoke and default configs.
ch08,8,Shared experts and fine-grained routed experts,4,8.4,Combining shared and routed outputs,section_development_briefs/ch08/04-combining-shared-and-routed-outputs.md,session_starters/ch08/04-combining-shared-and-routed-outputs.md,latex_book_skeleton/chapters/ch08/sections/04-combining-shared-and-routed-outputs.tex,latex_book_skeleton/figures/ch08/fig-combining-shared-and-routed-outputs.tex,latex_book_skeleton/tables/ch08/tab-combining-shared-and-routed-outputs.tex,latex_book_skeleton/listings/ch08/lst-combining-shared-and-routed-outputs.tex,latex_book_skeleton/equations/ch08/eq-combining-shared-and-routed-outputs.tex,Ablate shared_out to zero and routed_out to zero to confirm both paths affect output.
ch08,8,Shared experts and fine-grained routed experts,5,8.5,Specialization diagnostics,section_development_briefs/ch08/05-specialization-diagnostics.md,session_starters/ch08/05-specialization-diagnostics.md,latex_book_skeleton/chapters/ch08/sections/05-specialization-diagnostics.tex,latex_book_skeleton/figures/ch08/fig-specialization-diagnostics.tex,latex_book_skeleton/tables/ch08/tab-specialization-diagnostics.tex,latex_book_skeleton/listings/ch08/lst-specialization-diagnostics.tex,latex_book_skeleton/equations/ch08/eq-specialization-diagnostics.tex,Generate expert usage heatmaps without overclaiming semantic specialization.
ch08,8,Shared experts and fine-grained routed experts,6,8.6,Chapter summary and handoff,section_development_briefs/ch08/06-chapter-summary-and-handoff.md,session_starters/ch08/06-chapter-summary-and-handoff.md,latex_book_skeleton/chapters/ch08/sections/06-chapter-summary-and-handoff.tex,latex_book_skeleton/figures/ch08/fig-chapter-summary-and-handoff.tex,latex_book_skeleton/tables/ch08/tab-chapter-summary-and-handoff.tex,latex_book_skeleton/listings/ch08/lst-chapter-summary-and-handoff.tex,latex_book_skeleton/equations/ch08/eq-chapter-summary-and-handoff.tex,Reader checkpoint: distinguish shared expert compute from routed active compute.
ch09,9,Auxiliary-loss-free load balancing,1,9.1,The limitation of auxiliary balancing,section_development_briefs/ch09/01-the-limitation-of-auxiliary-balancing.md,session_starters/ch09/01-the-limitation-of-auxiliary-balancing.md,latex_book_skeleton/chapters/ch09/sections/01-the-limitation-of-auxiliary-balancing.tex,latex_book_skeleton/figures/ch09/fig-the-limitation-of-auxiliary-balancing.tex,latex_book_skeleton/tables/ch09/tab-the-limitation-of-auxiliary-balancing.tex,latex_book_skeleton/listings/ch09/lst-the-limitation-of-auxiliary-balancing.tex,latex_book_skeleton/equations/ch09/eq-the-limitation-of-auxiliary-balancing.tex,"Compare LM loss and load balance separately, not only total loss."
ch09,9,Auxiliary-loss-free load balancing,2,9.2,Router bias as non-trainable state,section_development_briefs/ch09/02-router-bias-as-non-trainable-state.md,session_starters/ch09/02-router-bias-as-non-trainable-state.md,latex_book_skeleton/chapters/ch09/sections/02-router-bias-as-non-trainable-state.tex,latex_book_skeleton/figures/ch09/fig-router-bias-as-non-trainable-state.tex,latex_book_skeleton/tables/ch09/tab-router-bias-as-non-trainable-state.tex,latex_book_skeleton/listings/ch09/lst-router-bias-as-non-trainable-state.tex,latex_book_skeleton/equations/ch09/eq-router-bias-as-non-trainable-state.tex,Assert router_bias.requires_grad is false and optimizer does not update it.
ch09,9,Auxiliary-loss-free load balancing,3,9.3,Biased selection and unbiased combine,section_development_briefs/ch09/03-biased-selection-and-unbiased-combine.md,session_starters/ch09/03-biased-selection-and-unbiased-combine.md,latex_book_skeleton/chapters/ch09/sections/03-biased-selection-and-unbiased-combine.tex,latex_book_skeleton/figures/ch09/fig-biased-selection-and-unbiased-combine.tex,latex_book_skeleton/tables/ch09/tab-biased-selection-and-unbiased-combine.tex,latex_book_skeleton/listings/ch09/lst-biased-selection-and-unbiased-combine.tex,latex_book_skeleton/equations/ch09/eq-biased-selection-and-unbiased-combine.tex,Unit test that changing bias can change expert IDs while gate values still come from raw scores.
ch09,9,Auxiliary-loss-free load balancing,4,9.4,Dynamic bias update from expert load,section_development_briefs/ch09/04-dynamic-bias-update-from-expert-load.md,session_starters/ch09/04-dynamic-bias-update-from-expert-load.md,latex_book_skeleton/chapters/ch09/sections/04-dynamic-bias-update-from-expert-load.tex,latex_book_skeleton/figures/ch09/fig-dynamic-bias-update-from-expert-load.tex,latex_book_skeleton/tables/ch09/tab-dynamic-bias-update-from-expert-load.tex,latex_book_skeleton/listings/ch09/lst-dynamic-bias-update-from-expert-load.tex,latex_book_skeleton/equations/ch09/eq-dynamic-bias-update-from-expert-load.tex,Track bias values over training beside expert loads.
ch09,9,Auxiliary-loss-free load balancing,5,9.5,Comparing balancing methods,section_development_briefs/ch09/05-comparing-balancing-methods.md,session_starters/ch09/05-comparing-balancing-methods.md,latex_book_skeleton/chapters/ch09/sections/05-comparing-balancing-methods.tex,latex_book_skeleton/figures/ch09/fig-comparing-balancing-methods.tex,latex_book_skeleton/tables/ch09/tab-comparing-balancing-methods.tex,latex_book_skeleton/listings/ch09/lst-comparing-balancing-methods.tex,latex_book_skeleton/equations/ch09/eq-comparing-balancing-methods.tex,"Produce a table with LM loss, aux loss if used, load balance score, entropy, and drop rate."
ch09,9,Auxiliary-loss-free load balancing,6,9.6,Chapter summary and handoff,section_development_briefs/ch09/06-chapter-summary-and-handoff.md,session_starters/ch09/06-chapter-summary-and-handoff.md,latex_book_skeleton/chapters/ch09/sections/06-chapter-summary-and-handoff.tex,latex_book_skeleton/figures/ch09/fig-chapter-summary-and-handoff.tex,latex_book_skeleton/tables/ch09/tab-chapter-summary-and-handoff.tex,latex_book_skeleton/listings/ch09/lst-chapter-summary-and-handoff.tex,latex_book_skeleton/equations/ch09/eq-chapter-summary-and-handoff.tex,Reader checkpoint: explain why bias should not be included in combine weights.
ch10,10,Assembling MiniDeepSeekMoE end to end,1,10.1,Configuration objects and model variants,section_development_briefs/ch10/01-configuration-objects-and-model-variants.md,session_starters/ch10/01-configuration-objects-and-model-variants.md,latex_book_skeleton/chapters/ch10/sections/01-configuration-objects-and-model-variants.tex,latex_book_skeleton/figures/ch10/fig-configuration-objects-and-model-variants.tex,latex_book_skeleton/tables/ch10/tab-configuration-objects-and-model-variants.tex,latex_book_skeleton/listings/ch10/lst-configuration-objects-and-model-variants.tex,latex_book_skeleton/equations/ch10/eq-configuration-objects-and-model-variants.tex,Print model summary and assert required fields exist.
ch10,10,Assembling MiniDeepSeekMoE end to end,2,10.2,Decoder block with dense prefix and MoE layers,section_development_briefs/ch10/02-decoder-block-with-dense-prefix-and-moe-layers.md,session_starters/ch10/02-decoder-block-with-dense-prefix-and-moe-layers.md,latex_book_skeleton/chapters/ch10/sections/02-decoder-block-with-dense-prefix-and-moe-layers.tex,latex_book_skeleton/figures/ch10/fig-decoder-block-with-dense-prefix-and-moe-layers.tex,latex_book_skeleton/tables/ch10/tab-decoder-block-with-dense-prefix-and-moe-layers.tex,latex_book_skeleton/listings/ch10/lst-decoder-block-with-dense-prefix-and-moe-layers.tex,latex_book_skeleton/equations/ch10/eq-decoder-block-with-dense-prefix-and-moe-layers.tex,List layer types during model initialization.
ch10,10,Assembling MiniDeepSeekMoE end to end,3,10.3,Forward pass outputs and loss dictionary,section_development_briefs/ch10/03-forward-pass-outputs-and-loss-dictionary.md,session_starters/ch10/03-forward-pass-outputs-and-loss-dictionary.md,latex_book_skeleton/chapters/ch10/sections/03-forward-pass-outputs-and-loss-dictionary.tex,latex_book_skeleton/figures/ch10/fig-forward-pass-outputs-and-loss-dictionary.tex,latex_book_skeleton/tables/ch10/tab-forward-pass-outputs-and-loss-dictionary.tex,latex_book_skeleton/listings/ch10/lst-forward-pass-outputs-and-loss-dictionary.tex,latex_book_skeleton/equations/ch10/eq-forward-pass-outputs-and-loss-dictionary.tex,"Unit test for output keys under dense, auxiliary, and bias modes."
ch10,10,Assembling MiniDeepSeekMoE end to end,4,10.4,Training and sampling scripts,section_development_briefs/ch10/04-training-and-sampling-scripts.md,session_starters/ch10/04-training-and-sampling-scripts.md,latex_book_skeleton/chapters/ch10/sections/04-training-and-sampling-scripts.tex,latex_book_skeleton/figures/ch10/fig-training-and-sampling-scripts.tex,latex_book_skeleton/tables/ch10/tab-training-and-sampling-scripts.tex,latex_book_skeleton/listings/ch10/lst-training-and-sampling-scripts.tex,latex_book_skeleton/equations/ch10/eq-training-and-sampling-scripts.tex,Verify checkpoint reload produces logits of the same shape.
ch10,10,Assembling MiniDeepSeekMoE end to end,5,10.5,Full-model smoke tests,section_development_briefs/ch10/05-full-model-smoke-tests.md,session_starters/ch10/05-full-model-smoke-tests.md,latex_book_skeleton/chapters/ch10/sections/05-full-model-smoke-tests.tex,latex_book_skeleton/figures/ch10/fig-full-model-smoke-tests.tex,latex_book_skeleton/tables/ch10/tab-full-model-smoke-tests.tex,latex_book_skeleton/listings/ch10/lst-full-model-smoke-tests.tex,latex_book_skeleton/equations/ch10/eq-full-model-smoke-tests.tex,CI-style console summary for all smoke tests.
ch10,10,Assembling MiniDeepSeekMoE end to end,6,10.6,Chapter summary and handoff,section_development_briefs/ch10/06-chapter-summary-and-handoff.md,session_starters/ch10/06-chapter-summary-and-handoff.md,latex_book_skeleton/chapters/ch10/sections/06-chapter-summary-and-handoff.tex,latex_book_skeleton/figures/ch10/fig-chapter-summary-and-handoff.tex,latex_book_skeleton/tables/ch10/tab-chapter-summary-and-handoff.tex,latex_book_skeleton/listings/ch10/lst-chapter-summary-and-handoff.tex,latex_book_skeleton/equations/ch10/eq-chapter-summary-and-handoff.tex,Reader checkpoint: run the smoke model and inspect router metrics.
ch11,11,"Training, diagnostics, and controlled experiments",1,11.1,Experiment design for a from-scratch book,section_development_briefs/ch11/01-experiment-design-for-a-from-scratch-book.md,session_starters/ch11/01-experiment-design-for-a-from-scratch-book.md,latex_book_skeleton/chapters/ch11/sections/01-experiment-design-for-a-from-scratch-book.tex,latex_book_skeleton/figures/ch11/fig-experiment-design-for-a-from-scratch-book.tex,latex_book_skeleton/tables/ch11/tab-experiment-design-for-a-from-scratch-book.tex,latex_book_skeleton/listings/ch11/lst-experiment-design-for-a-from-scratch-book.tex,latex_book_skeleton/equations/ch11/eq-experiment-design-for-a-from-scratch-book.tex,"Check that every experiment saves config, seed, logs, and git/code snapshot note."
ch11,11,"Training, diagnostics, and controlled experiments",2,11.2,Dataset preparation and reproducibility,section_development_briefs/ch11/02-dataset-preparation-and-reproducibility.md,session_starters/ch11/02-dataset-preparation-and-reproducibility.md,latex_book_skeleton/chapters/ch11/sections/02-dataset-preparation-and-reproducibility.tex,latex_book_skeleton/figures/ch11/fig-dataset-preparation-and-reproducibility.tex,latex_book_skeleton/tables/ch11/tab-dataset-preparation-and-reproducibility.tex,latex_book_skeleton/listings/ch11/lst-dataset-preparation-and-reproducibility.tex,latex_book_skeleton/equations/ch11/eq-dataset-preparation-and-reproducibility.tex,"Print token counts, split sizes, and a decoded sample from each split."
ch11,11,"Training, diagnostics, and controlled experiments",3,11.3,Loss curves and routing dashboards,section_development_briefs/ch11/03-loss-curves-and-routing-dashboards.md,session_starters/ch11/03-loss-curves-and-routing-dashboards.md,latex_book_skeleton/chapters/ch11/sections/03-loss-curves-and-routing-dashboards.tex,latex_book_skeleton/figures/ch11/fig-loss-curves-and-routing-dashboards.tex,latex_book_skeleton/tables/ch11/tab-loss-curves-and-routing-dashboards.tex,latex_book_skeleton/listings/ch11/lst-loss-curves-and-routing-dashboards.tex,latex_book_skeleton/equations/ch11/eq-loss-curves-and-routing-dashboards.tex,"Save dashboard figures through LaTeX wrappers, never raw includegraphics in prose."
ch11,11,"Training, diagnostics, and controlled experiments",4,11.4,"Ablation matrix: dense, top-1, top-2, shared, and bias-balanced",section_development_briefs/ch11/04-ablation-matrix-dense-top-1-top-2-shared-and-bias-balanced.md,session_starters/ch11/04-ablation-matrix-dense-top-1-top-2-shared-and-bias-balanced.md,latex_book_skeleton/chapters/ch11/sections/04-ablation-matrix-dense-top-1-top-2-shared-and-bias-balanced.tex,latex_book_skeleton/figures/ch11/fig-ablation-matrix-dense-top-1-top-2-shared-and-bias-balanced.tex,latex_book_skeleton/tables/ch11/tab-ablation-matrix-dense-top-1-top-2-shared-and-bias-balanced.tex,latex_book_skeleton/listings/ch11/lst-ablation-matrix-dense-top-1-top-2-shared-and-bias-balanced.tex,latex_book_skeleton/equations/ch11/eq-ablation-matrix-dense-top-1-top-2-shared-and-bias-balanced.tex,"Flag any run with unstable loss, high drop rate, or extreme expert collapse."
ch11,11,"Training, diagnostics, and controlled experiments",5,11.5,Interpreting expert behavior carefully,section_development_briefs/ch11/05-interpreting-expert-behavior-carefully.md,session_starters/ch11/05-interpreting-expert-behavior-carefully.md,latex_book_skeleton/chapters/ch11/sections/05-interpreting-expert-behavior-carefully.tex,latex_book_skeleton/figures/ch11/fig-interpreting-expert-behavior-carefully.tex,latex_book_skeleton/tables/ch11/tab-interpreting-expert-behavior-carefully.tex,latex_book_skeleton/listings/ch11/lst-interpreting-expert-behavior-carefully.tex,latex_book_skeleton/equations/ch11/eq-interpreting-expert-behavior-carefully.tex,Generate a routing trace table and a usage heatmap.
ch11,11,"Training, diagnostics, and controlled experiments",6,11.6,Chapter summary and handoff,section_development_briefs/ch11/06-chapter-summary-and-handoff.md,session_starters/ch11/06-chapter-summary-and-handoff.md,latex_book_skeleton/chapters/ch11/sections/06-chapter-summary-and-handoff.tex,latex_book_skeleton/figures/ch11/fig-chapter-summary-and-handoff.tex,latex_book_skeleton/tables/ch11/tab-chapter-summary-and-handoff.tex,latex_book_skeleton/listings/ch11/lst-chapter-summary-and-handoff.tex,latex_book_skeleton/equations/ch11/eq-chapter-summary-and-handoff.tex,"Reader checkpoint: identify whether a routing issue is code, loss, capacity, or data related."
ch12,12,"Inference, performance, and scaling beyond the toy model",1,12.1,Autoregressive inference with sparse FFNs,section_development_briefs/ch12/01-autoregressive-inference-with-sparse-ffns.md,session_starters/ch12/01-autoregressive-inference-with-sparse-ffns.md,latex_book_skeleton/chapters/ch12/sections/01-autoregressive-inference-with-sparse-ffns.tex,latex_book_skeleton/figures/ch12/fig-autoregressive-inference-with-sparse-ffns.tex,latex_book_skeleton/tables/ch12/tab-autoregressive-inference-with-sparse-ffns.tex,latex_book_skeleton/listings/ch12/lst-autoregressive-inference-with-sparse-ffns.tex,latex_book_skeleton/equations/ch12/eq-autoregressive-inference-with-sparse-ffns.tex,Print selected experts for each generated token in a short sample.
ch12,12,"Inference, performance, and scaling beyond the toy model",2,12.2,Batching routed tokens at inference,section_development_briefs/ch12/02-batching-routed-tokens-at-inference.md,session_starters/ch12/02-batching-routed-tokens-at-inference.md,latex_book_skeleton/chapters/ch12/sections/02-batching-routed-tokens-at-inference.tex,latex_book_skeleton/figures/ch12/fig-batching-routed-tokens-at-inference.tex,latex_book_skeleton/tables/ch12/tab-batching-routed-tokens-at-inference.tex,latex_book_skeleton/listings/ch12/lst-batching-routed-tokens-at-inference.tex,latex_book_skeleton/equations/ch12/eq-batching-routed-tokens-at-inference.tex,Histogram expert batch sizes over a generated sequence.
ch12,12,"Inference, performance, and scaling beyond the toy model",3,12.3,"Compute, memory, and active-parameter accounting",section_development_briefs/ch12/03-compute-memory-and-active-parameter-accounting.md,session_starters/ch12/03-compute-memory-and-active-parameter-accounting.md,latex_book_skeleton/chapters/ch12/sections/03-compute-memory-and-active-parameter-accounting.tex,latex_book_skeleton/figures/ch12/fig-compute-memory-and-active-parameter-accounting.tex,latex_book_skeleton/tables/ch12/tab-compute-memory-and-active-parameter-accounting.tex,latex_book_skeleton/listings/ch12/lst-compute-memory-and-active-parameter-accounting.tex,latex_book_skeleton/equations/ch12/eq-compute-memory-and-active-parameter-accounting.tex,Check estimates against model.count_parameters breakdown.
ch12,12,"Inference, performance, and scaling beyond the toy model",4,12.4,Expert parallelism and all-to-all communication,section_development_briefs/ch12/04-expert-parallelism-and-all-to-all-communication.md,session_starters/ch12/04-expert-parallelism-and-all-to-all-communication.md,latex_book_skeleton/chapters/ch12/sections/04-expert-parallelism-and-all-to-all-communication.tex,latex_book_skeleton/figures/ch12/fig-expert-parallelism-and-all-to-all-communication.tex,latex_book_skeleton/tables/ch12/tab-expert-parallelism-and-all-to-all-communication.tex,latex_book_skeleton/listings/ch12/lst-expert-parallelism-and-all-to-all-communication.tex,latex_book_skeleton/equations/ch12/eq-expert-parallelism-and-all-to-all-communication.tex,Thought experiment table estimating routed activation traffic for a small config.
ch12,12,"Inference, performance, and scaling beyond the toy model",5,12.5,Mapping the book model to production MoE families,section_development_briefs/ch12/05-mapping-the-book-model-to-production-moe-families.md,session_starters/ch12/05-mapping-the-book-model-to-production-moe-families.md,latex_book_skeleton/chapters/ch12/sections/05-mapping-the-book-model-to-production-moe-families.tex,latex_book_skeleton/figures/ch12/fig-mapping-the-book-model-to-production-moe-families.tex,latex_book_skeleton/tables/ch12/tab-mapping-the-book-model-to-production-moe-families.tex,latex_book_skeleton/listings/ch12/lst-mapping-the-book-model-to-production-moe-families.tex,latex_book_skeleton/equations/ch12/eq-mapping-the-book-model-to-production-moe-families.tex,Reader checkpoint: identify which chapter implemented each production analogue.
ch12,12,"Inference, performance, and scaling beyond the toy model",6,12.6,Book summary and next steps,section_development_briefs/ch12/06-book-summary-and-next-steps.md,session_starters/ch12/06-book-summary-and-next-steps.md,latex_book_skeleton/chapters/ch12/sections/06-book-summary-and-next-steps.tex,latex_book_skeleton/figures/ch12/fig-book-summary-and-next-steps.tex,latex_book_skeleton/tables/ch12/tab-book-summary-and-next-steps.tex,latex_book_skeleton/listings/ch12/lst-book-summary-and-next-steps.tex,latex_book_skeleton/equations/ch12/eq-book-summary-and-next-steps.tex,"Final self-test: build, train smoke, inspect routing, sample text, and explain limitations."
