chapter,section,section_title,skill_name,standalone_path,skill_md_path,reference_path,diagnostic,section_tex,figure,table,equation,listing
ch01,1.1,The dense FFN bottleneck,moe-ch01-s01-the-dense-ffn-bottleneck,standalone_skill_mds/sections/ch01/01-the-dense-ffn-bottleneck.skill.md,individual_skill_dirs/sections/ch01/01-the-dense-ffn-bottleneck/SKILL.md,references/section-skills/ch01/01-the-dense-ffn-bottleneck.md,A small cost table proving that increasing H increases every token path.,latex_book_skeleton/chapters/ch01/sections/01-the-dense-ffn-bottleneck.tex,latex_book_skeleton/figures/ch01/fig-the-dense-ffn-bottleneck.tex,latex_book_skeleton/tables/ch01/tab-the-dense-ffn-bottleneck.tex,latex_book_skeleton/equations/ch01/eq-the-dense-ffn-bottleneck.tex,latex_book_skeleton/listings/ch01/lst-the-dense-ffn-bottleneck.tex
ch01,1.2,Conditional compute as the central idea,moe-ch01-s02-conditional-compute-as-the-central-idea,standalone_skill_mds/sections/ch01/02-conditional-compute-as-the-central-idea.skill.md,individual_skill_dirs/sections/ch01/02-conditional-compute-as-the-central-idea/SKILL.md,references/section-skills/ch01/02-conditional-compute-as-the-central-idea.md,"Compute the active fraction for E=4, K=2 and E=16, K=2.",latex_book_skeleton/chapters/ch01/sections/02-conditional-compute-as-the-central-idea.tex,latex_book_skeleton/figures/ch01/fig-conditional-compute-as-the-central-idea.tex,latex_book_skeleton/tables/ch01/tab-conditional-compute-as-the-central-idea.tex,latex_book_skeleton/equations/ch01/eq-conditional-compute-as-the-central-idea.tex,latex_book_skeleton/listings/ch01/lst-conditional-compute-as-the-central-idea.tex
ch01,1.3,A tiny routing story,moe-ch01-s03-a-tiny-routing-story,standalone_skill_mds/sections/ch01/03-a-tiny-routing-story.skill.md,individual_skill_dirs/sections/ch01/03-a-tiny-routing-story/SKILL.md,references/section-skills/ch01/03-a-tiny-routing-story.md,Check that gates for each token sum to one after top-k normalization.,latex_book_skeleton/chapters/ch01/sections/03-a-tiny-routing-story.tex,latex_book_skeleton/figures/ch01/fig-a-tiny-routing-story.tex,latex_book_skeleton/tables/ch01/tab-a-tiny-routing-story.tex,latex_book_skeleton/equations/ch01/eq-a-tiny-routing-story.tex,latex_book_skeleton/listings/ch01/lst-a-tiny-routing-story.tex
ch01,1.4,What from scratch means for this book,moe-ch01-s04-what-from-scratch-means-for-this-book,standalone_skill_mds/sections/ch01/04-what-from-scratch-means-for-this-book.skill.md,individual_skill_dirs/sections/ch01/04-what-from-scratch-means-for-this-book/SKILL.md,references/section-skills/ch01/04-what-from-scratch-means-for-this-book.md,"Checklist that every chapter must include shapes, a code path, and a verification artifact.",latex_book_skeleton/chapters/ch01/sections/04-what-from-scratch-means-for-this-book.tex,latex_book_skeleton/figures/ch01/fig-what-from-scratch-means-for-this-book.tex,latex_book_skeleton/tables/ch01/tab-what-from-scratch-means-for-this-book.tex,latex_book_skeleton/equations/ch01/eq-what-from-scratch-means-for-this-book.tex,latex_book_skeleton/listings/ch01/lst-what-from-scratch-means-for-this-book.tex
ch01,1.5,The MiniDeepSeekMoE build ladder,moe-ch01-s05-the-minideepseekmoe-build-ladder,standalone_skill_mds/sections/ch01/05-the-minideepseekmoe-build-ladder.skill.md,individual_skill_dirs/sections/ch01/05-the-minideepseekmoe-build-ladder/SKILL.md,references/section-skills/ch01/05-the-minideepseekmoe-build-ladder.md,Milestone checklist that marks which diagnostics appear by each chapter.,latex_book_skeleton/chapters/ch01/sections/05-the-minideepseekmoe-build-ladder.tex,latex_book_skeleton/figures/ch01/fig-the-minideepseekmoe-build-ladder.tex,latex_book_skeleton/tables/ch01/tab-the-minideepseekmoe-build-ladder.tex,latex_book_skeleton/equations/ch01/eq-the-minideepseekmoe-build-ladder.tex,latex_book_skeleton/listings/ch01/lst-the-minideepseekmoe-build-ladder.tex
ch01,1.6,Chapter summary and handoff,moe-ch01-s06-chapter-summary-and-handoff,standalone_skill_mds/sections/ch01/06-chapter-summary-and-handoff.skill.md,individual_skill_dirs/sections/ch01/06-chapter-summary-and-handoff/SKILL.md,references/section-skills/ch01/06-chapter-summary-and-handoff.md,Reader checkpoint: identify which part of the dense model will be replaced by MoE.,latex_book_skeleton/chapters/ch01/sections/06-chapter-summary-and-handoff.tex,latex_book_skeleton/figures/ch01/fig-chapter-summary-and-handoff.tex,latex_book_skeleton/tables/ch01/tab-chapter-summary-and-handoff.tex,latex_book_skeleton/equations/ch01/eq-chapter-summary-and-handoff.tex,latex_book_skeleton/listings/ch01/lst-chapter-summary-and-handoff.tex
ch02,2.1,Dataset and token batches,moe-ch02-s01-dataset-and-token-batches,standalone_skill_mds/sections/ch02/01-dataset-and-token-batches.skill.md,individual_skill_dirs/sections/ch02/01-dataset-and-token-batches/SKILL.md,references/section-skills/ch02/01-dataset-and-token-batches.md,Print the first input-target pair and decode it to verify shifting.,latex_book_skeleton/chapters/ch02/sections/01-dataset-and-token-batches.tex,latex_book_skeleton/figures/ch02/fig-dataset-and-token-batches.tex,latex_book_skeleton/tables/ch02/tab-dataset-and-token-batches.tex,latex_book_skeleton/equations/ch02/eq-dataset-and-token-batches.tex,latex_book_skeleton/listings/ch02/lst-dataset-and-token-batches.tex
ch02,2.2,Token and position embeddings,moe-ch02-s02-token-and-position-embeddings,standalone_skill_mds/sections/ch02/02-token-and-position-embeddings.skill.md,individual_skill_dirs/sections/ch02/02-token-and-position-embeddings/SKILL.md,references/section-skills/ch02/02-token-and-position-embeddings.md,Assert output shape and confirm gradients flow to both embedding tables.,latex_book_skeleton/chapters/ch02/sections/02-token-and-position-embeddings.tex,latex_book_skeleton/figures/ch02/fig-token-and-position-embeddings.tex,latex_book_skeleton/tables/ch02/tab-token-and-position-embeddings.tex,latex_book_skeleton/equations/ch02/eq-token-and-position-embeddings.tex,latex_book_skeleton/listings/ch02/lst-token-and-position-embeddings.tex
ch02,2.3,Causal self-attention as the context path,moe-ch02-s03-causal-self-attention-as-the-context-path,standalone_skill_mds/sections/ch02/03-causal-self-attention-as-the-context-path.skill.md,individual_skill_dirs/sections/ch02/03-causal-self-attention-as-the-context-path/SKILL.md,references/section-skills/ch02/03-causal-self-attention-as-the-context-path.md,Check that a token cannot attend to future positions.,latex_book_skeleton/chapters/ch02/sections/03-causal-self-attention-as-the-context-path.tex,latex_book_skeleton/figures/ch02/fig-causal-self-attention-as-the-context-path.tex,latex_book_skeleton/tables/ch02/tab-causal-self-attention-as-the-context-path.tex,latex_book_skeleton/equations/ch02/eq-causal-self-attention-as-the-context-path.tex,latex_book_skeleton/listings/ch02/lst-causal-self-attention-as-the-context-path.tex
ch02,2.4,Dense feed-forward block as the replacement target,moe-ch02-s04-dense-feed-forward-block-as-the-replacemen,standalone_skill_mds/sections/ch02/04-dense-feed-forward-block-as-the-replacement-target.skill.md,individual_skill_dirs/sections/ch02/04-dense-feed-forward-block-as-the-replacement-target/SKILL.md,references/section-skills/ch02/04-dense-feed-forward-block-as-the-replacement-target.md,Confirm FFN preserves the final D dimension.,latex_book_skeleton/chapters/ch02/sections/04-dense-feed-forward-block-as-the-replacement-target.tex,latex_book_skeleton/figures/ch02/fig-dense-feed-forward-block-as-the-replacement-target.tex,latex_book_skeleton/tables/ch02/tab-dense-feed-forward-block-as-the-replacement-target.tex,latex_book_skeleton/equations/ch02/eq-dense-feed-forward-block-as-the-replacement-target.tex,latex_book_skeleton/listings/ch02/lst-dense-feed-forward-block-as-the-replacement-target.tex
ch02,2.5,Training loop and sampling baseline,moe-ch02-s05-training-loop-and-sampling-baseline,standalone_skill_mds/sections/ch02/05-training-loop-and-sampling-baseline.skill.md,individual_skill_dirs/sections/ch02/05-training-loop-and-sampling-baseline/SKILL.md,references/section-skills/ch02/05-training-loop-and-sampling-baseline.md,Track train and validation loss plus samples at fixed intervals.,latex_book_skeleton/chapters/ch02/sections/05-training-loop-and-sampling-baseline.tex,latex_book_skeleton/figures/ch02/fig-training-loop-and-sampling-baseline.tex,latex_book_skeleton/tables/ch02/tab-training-loop-and-sampling-baseline.tex,latex_book_skeleton/equations/ch02/eq-training-loop-and-sampling-baseline.tex,latex_book_skeleton/listings/ch02/lst-training-loop-and-sampling-baseline.tex
ch02,2.6,Baseline diagnostics and comparison slots,moe-ch02-s06-baseline-diagnostics-and-comparison-slots,standalone_skill_mds/sections/ch02/06-baseline-diagnostics-and-comparison-slots.skill.md,individual_skill_dirs/sections/ch02/06-baseline-diagnostics-and-comparison-slots/SKILL.md,references/section-skills/ch02/06-baseline-diagnostics-and-comparison-slots.md,Write the first baseline row in the experiment comparison table.,latex_book_skeleton/chapters/ch02/sections/06-baseline-diagnostics-and-comparison-slots.tex,latex_book_skeleton/figures/ch02/fig-baseline-diagnostics-and-comparison-slots.tex,latex_book_skeleton/tables/ch02/tab-baseline-diagnostics-and-comparison-slots.tex,latex_book_skeleton/equations/ch02/eq-baseline-diagnostics-and-comparison-slots.tex,latex_book_skeleton/listings/ch02/lst-baseline-diagnostics-and-comparison-slots.tex
ch03,3.1,Expert MLPs as named FFNs,moe-ch03-s01-expert-mlps-as-named-ffns,standalone_skill_mds/sections/ch03/01-expert-mlps-as-named-ffns.skill.md,individual_skill_dirs/sections/ch03/01-expert-mlps-as-named-ffns/SKILL.md,references/section-skills/ch03/01-expert-mlps-as-named-ffns.md,Run all experts on the same token and compare output shapes.,latex_book_skeleton/chapters/ch03/sections/01-expert-mlps-as-named-ffns.tex,latex_book_skeleton/figures/ch03/fig-expert-mlps-as-named-ffns.tex,latex_book_skeleton/tables/ch03/tab-expert-mlps-as-named-ffns.tex,latex_book_skeleton/equations/ch03/eq-expert-mlps-as-named-ffns.tex,latex_book_skeleton/listings/ch03/lst-expert-mlps-as-named-ffns.tex
ch03,3.2,Router scores and tensor shapes,moe-ch03-s02-router-scores-and-tensor-shapes,standalone_skill_mds/sections/ch03/02-router-scores-and-tensor-shapes.skill.md,individual_skill_dirs/sections/ch03/02-router-scores-and-tensor-shapes/SKILL.md,references/section-skills/ch03/02-router-scores-and-tensor-shapes.md,Assert that the expert dimension equals n_experts and token dimension equals B*T.,latex_book_skeleton/chapters/ch03/sections/02-router-scores-and-tensor-shapes.tex,latex_book_skeleton/figures/ch03/fig-router-scores-and-tensor-shapes.tex,latex_book_skeleton/tables/ch03/tab-router-scores-and-tensor-shapes.tex,latex_book_skeleton/equations/ch03/eq-router-scores-and-tensor-shapes.tex,latex_book_skeleton/listings/ch03/lst-router-scores-and-tensor-shapes.tex
ch03,3.3,Top-k selection without dispatch,moe-ch03-s03-top-k-selection-without-dispatch,standalone_skill_mds/sections/ch03/03-top-k-selection-without-dispatch.skill.md,individual_skill_dirs/sections/ch03/03-top-k-selection-without-dispatch/SKILL.md,references/section-skills/ch03/03-top-k-selection-without-dispatch.md,Verify that every token has exactly K selected expert IDs.,latex_book_skeleton/chapters/ch03/sections/03-top-k-selection-without-dispatch.tex,latex_book_skeleton/figures/ch03/fig-top-k-selection-without-dispatch.tex,latex_book_skeleton/tables/ch03/tab-top-k-selection-without-dispatch.tex,latex_book_skeleton/equations/ch03/eq-top-k-selection-without-dispatch.tex,latex_book_skeleton/listings/ch03/lst-top-k-selection-without-dispatch.tex
ch03,3.4,Naive token-by-token dispatch,moe-ch03-s04-naive-token-by-token-dispatch,standalone_skill_mds/sections/ch03/04-naive-token-by-token-dispatch.skill.md,individual_skill_dirs/sections/ch03/04-naive-token-by-token-dispatch/SKILL.md,references/section-skills/ch03/04-naive-token-by-token-dispatch.md,Compare output shape to dense FFN output and inspect gates per token.,latex_book_skeleton/chapters/ch03/sections/04-naive-token-by-token-dispatch.tex,latex_book_skeleton/figures/ch03/fig-naive-token-by-token-dispatch.tex,latex_book_skeleton/tables/ch03/tab-naive-token-by-token-dispatch.tex,latex_book_skeleton/equations/ch03/eq-naive-token-by-token-dispatch.tex,latex_book_skeleton/listings/ch03/lst-naive-token-by-token-dispatch.tex
ch03,3.5,Shape and gradient checks,moe-ch03-s05-shape-and-gradient-checks,standalone_skill_mds/sections/ch03/05-shape-and-gradient-checks.skill.md,individual_skill_dirs/sections/ch03/05-shape-and-gradient-checks/SKILL.md,references/section-skills/ch03/05-shape-and-gradient-checks.md,Count selected expert IDs and check nonzero gradients for selected expert parameters.,latex_book_skeleton/chapters/ch03/sections/05-shape-and-gradient-checks.tex,latex_book_skeleton/figures/ch03/fig-shape-and-gradient-checks.tex,latex_book_skeleton/tables/ch03/tab-shape-and-gradient-checks.tex,latex_book_skeleton/equations/ch03/eq-shape-and-gradient-checks.tex,latex_book_skeleton/listings/ch03/lst-shape-and-gradient-checks.tex
ch03,3.6,Chapter summary and handoff,moe-ch03-s06-chapter-summary-and-handoff,standalone_skill_mds/sections/ch03/06-chapter-summary-and-handoff.skill.md,individual_skill_dirs/sections/ch03/06-chapter-summary-and-handoff/SKILL.md,references/section-skills/ch03/06-chapter-summary-and-handoff.md,"Reader checkpoint: identify where routing, expert computation, and combine happen in code.",latex_book_skeleton/chapters/ch03/sections/06-chapter-summary-and-handoff.tex,latex_book_skeleton/figures/ch03/fig-chapter-summary-and-handoff.tex,latex_book_skeleton/tables/ch03/tab-chapter-summary-and-handoff.tex,latex_book_skeleton/equations/ch03/eq-chapter-summary-and-handoff.tex,latex_book_skeleton/listings/ch03/lst-chapter-summary-and-handoff.tex
ch04,4.1,Why top-1 routing is the simplest sparse case,moe-ch04-s01-why-top-1-routing-is-the-simplest-sparse-c,standalone_skill_mds/sections/ch04/01-why-top-1-routing-is-the-simplest-sparse-case.skill.md,individual_skill_dirs/sections/ch04/01-why-top-1-routing-is-the-simplest-sparse-case/SKILL.md,references/section-skills/ch04/01-why-top-1-routing-is-the-simplest-sparse-case.md,Verify each token has one expert and one scalar gate.,latex_book_skeleton/chapters/ch04/sections/01-why-top-1-routing-is-the-simplest-sparse-case.tex,latex_book_skeleton/figures/ch04/fig-why-top-1-routing-is-the-simplest-sparse-case.tex,latex_book_skeleton/tables/ch04/tab-why-top-1-routing-is-the-simplest-sparse-case.tex,latex_book_skeleton/equations/ch04/eq-why-top-1-routing-is-the-simplest-sparse-case.tex,latex_book_skeleton/listings/ch04/lst-why-top-1-routing-is-the-simplest-sparse-case.tex
ch04,4.2,Assignment masks and expert buckets,moe-ch04-s02-assignment-masks-and-expert-buckets,standalone_skill_mds/sections/ch04/02-assignment-masks-and-expert-buckets.skill.md,individual_skill_dirs/sections/ch04/02-assignment-masks-and-expert-buckets/SKILL.md,references/section-skills/ch04/02-assignment-masks-and-expert-buckets.md,Sum the mask across experts to confirm each token is assigned once.,latex_book_skeleton/chapters/ch04/sections/02-assignment-masks-and-expert-buckets.tex,latex_book_skeleton/figures/ch04/fig-assignment-masks-and-expert-buckets.tex,latex_book_skeleton/tables/ch04/tab-assignment-masks-and-expert-buckets.tex,latex_book_skeleton/equations/ch04/eq-assignment-masks-and-expert-buckets.tex,latex_book_skeleton/listings/ch04/lst-assignment-masks-and-expert-buckets.tex
ch04,4.3,Dispatching tokens to selected experts,moe-ch04-s03-dispatching-tokens-to-selected-experts,standalone_skill_mds/sections/ch04/03-dispatching-tokens-to-selected-experts.skill.md,individual_skill_dirs/sections/ch04/03-dispatching-tokens-to-selected-experts/SKILL.md,references/section-skills/ch04/03-dispatching-tokens-to-selected-experts.md,Assert output rows return to the original token order.,latex_book_skeleton/chapters/ch04/sections/03-dispatching-tokens-to-selected-experts.tex,latex_book_skeleton/figures/ch04/fig-dispatching-tokens-to-selected-experts.tex,latex_book_skeleton/tables/ch04/tab-dispatching-tokens-to-selected-experts.tex,latex_book_skeleton/equations/ch04/eq-dispatching-tokens-to-selected-experts.tex,latex_book_skeleton/listings/ch04/lst-dispatching-tokens-to-selected-experts.tex
ch04,4.4,Capacity and dropped tokens,moe-ch04-s04-capacity-and-dropped-tokens,standalone_skill_mds/sections/ch04/04-capacity-and-dropped-tokens.skill.md,individual_skill_dirs/sections/ch04/04-capacity-and-dropped-tokens/SKILL.md,references/section-skills/ch04/04-capacity-and-dropped-tokens.md,Report dropped_token_count and per-expert accepted counts.,latex_book_skeleton/chapters/ch04/sections/04-capacity-and-dropped-tokens.tex,latex_book_skeleton/figures/ch04/fig-capacity-and-dropped-tokens.tex,latex_book_skeleton/tables/ch04/tab-capacity-and-dropped-tokens.tex,latex_book_skeleton/equations/ch04/eq-capacity-and-dropped-tokens.tex,latex_book_skeleton/listings/ch04/lst-capacity-and-dropped-tokens.tex
ch04,4.5,Load histograms and failure modes,moe-ch04-s05-load-histograms-and-failure-modes,standalone_skill_mds/sections/ch04/05-load-histograms-and-failure-modes.skill.md,individual_skill_dirs/sections/ch04/05-load-histograms-and-failure-modes/SKILL.md,references/section-skills/ch04/05-load-histograms-and-failure-modes.md,Save a histogram and a warning if max load is much larger than average load.,latex_book_skeleton/chapters/ch04/sections/05-load-histograms-and-failure-modes.tex,latex_book_skeleton/figures/ch04/fig-load-histograms-and-failure-modes.tex,latex_book_skeleton/tables/ch04/tab-load-histograms-and-failure-modes.tex,latex_book_skeleton/equations/ch04/eq-load-histograms-and-failure-modes.tex,latex_book_skeleton/listings/ch04/lst-load-histograms-and-failure-modes.tex
ch04,4.6,Chapter summary and handoff,moe-ch04-s06-chapter-summary-and-handoff,standalone_skill_mds/sections/ch04/06-chapter-summary-and-handoff.skill.md,individual_skill_dirs/sections/ch04/06-chapter-summary-and-handoff/SKILL.md,references/section-skills/ch04/06-chapter-summary-and-handoff.md,"Compare validation loss smoke run with dense baseline, without claiming quality superiority.",latex_book_skeleton/chapters/ch04/sections/06-chapter-summary-and-handoff.tex,latex_book_skeleton/figures/ch04/fig-chapter-summary-and-handoff.tex,latex_book_skeleton/tables/ch04/tab-chapter-summary-and-handoff.tex,latex_book_skeleton/equations/ch04/eq-chapter-summary-and-handoff.tex,latex_book_skeleton/listings/ch04/lst-chapter-summary-and-handoff.tex
ch05,5.1,Why top-2 changes the routing story,moe-ch05-s01-why-top-2-changes-the-routing-story,standalone_skill_mds/sections/ch05/01-why-top-2-changes-the-routing-story.skill.md,individual_skill_dirs/sections/ch05/01-why-top-2-changes-the-routing-story/SKILL.md,references/section-skills/ch05/01-why-top-2-changes-the-routing-story.md,Compare active expert calls per token for K=1 and K=2.,latex_book_skeleton/chapters/ch05/sections/01-why-top-2-changes-the-routing-story.tex,latex_book_skeleton/figures/ch05/fig-why-top-2-changes-the-routing-story.tex,latex_book_skeleton/tables/ch05/tab-why-top-2-changes-the-routing-story.tex,latex_book_skeleton/equations/ch05/eq-why-top-2-changes-the-routing-story.tex,latex_book_skeleton/listings/ch05/lst-why-top-2-changes-the-routing-story.tex
ch05,5.2,Normalizing selected router scores,moe-ch05-s02-normalizing-selected-router-scores,standalone_skill_mds/sections/ch05/02-normalizing-selected-router-scores.skill.md,individual_skill_dirs/sections/ch05/02-normalizing-selected-router-scores/SKILL.md,references/section-skills/ch05/02-normalizing-selected-router-scores.md,"Assert torch.allclose(gates.sum(-1), ones).",latex_book_skeleton/chapters/ch05/sections/02-normalizing-selected-router-scores.tex,latex_book_skeleton/figures/ch05/fig-normalizing-selected-router-scores.tex,latex_book_skeleton/tables/ch05/tab-normalizing-selected-router-scores.tex,latex_book_skeleton/equations/ch05/eq-normalizing-selected-router-scores.tex,latex_book_skeleton/listings/ch05/lst-normalizing-selected-router-scores.tex
ch05,5.3,Dispatch for two expert paths per token,moe-ch05-s03-dispatch-for-two-expert-paths-per-token,standalone_skill_mds/sections/ch05/03-dispatch-for-two-expert-paths-per-token.skill.md,individual_skill_dirs/sections/ch05/03-dispatch-for-two-expert-paths-per-token/SKILL.md,references/section-skills/ch05/03-dispatch-for-two-expert-paths-per-token.md,Check output changes when gates are manually swapped.,latex_book_skeleton/chapters/ch05/sections/03-dispatch-for-two-expert-paths-per-token.tex,latex_book_skeleton/figures/ch05/fig-dispatch-for-two-expert-paths-per-token.tex,latex_book_skeleton/tables/ch05/tab-dispatch-for-two-expert-paths-per-token.tex,latex_book_skeleton/equations/ch05/eq-dispatch-for-two-expert-paths-per-token.tex,latex_book_skeleton/listings/ch05/lst-dispatch-for-two-expert-paths-per-token.tex
ch05,5.4,Comparing top-1 and top-2 diagnostics,moe-ch05-s04-comparing-top-1-and-top-2-diagnostics,standalone_skill_mds/sections/ch05/04-comparing-top-1-and-top-2-diagnostics.skill.md,individual_skill_dirs/sections/ch05/04-comparing-top-1-and-top-2-diagnostics/SKILL.md,references/section-skills/ch05/04-comparing-top-1-and-top-2-diagnostics.md,Save a comparison table and one histogram per routing mode.,latex_book_skeleton/chapters/ch05/sections/04-comparing-top-1-and-top-2-diagnostics.tex,latex_book_skeleton/figures/ch05/fig-comparing-top-1-and-top-2-diagnostics.tex,latex_book_skeleton/tables/ch05/tab-comparing-top-1-and-top-2-diagnostics.tex,latex_book_skeleton/equations/ch05/eq-comparing-top-1-and-top-2-diagnostics.tex,latex_book_skeleton/listings/ch05/lst-comparing-top-1-and-top-2-diagnostics.tex
ch05,5.5,Numerical stability in top-k gates,moe-ch05-s05-numerical-stability-in-top-k-gates,standalone_skill_mds/sections/ch05/05-numerical-stability-in-top-k-gates.skill.md,individual_skill_dirs/sections/ch05/05-numerical-stability-in-top-k-gates/SKILL.md,references/section-skills/ch05/05-numerical-stability-in-top-k-gates.md,Unit tests for finite gates and gradients under small scores.,latex_book_skeleton/chapters/ch05/sections/05-numerical-stability-in-top-k-gates.tex,latex_book_skeleton/figures/ch05/fig-numerical-stability-in-top-k-gates.tex,latex_book_skeleton/tables/ch05/tab-numerical-stability-in-top-k-gates.tex,latex_book_skeleton/equations/ch05/eq-numerical-stability-in-top-k-gates.tex,latex_book_skeleton/listings/ch05/lst-numerical-stability-in-top-k-gates.tex
ch05,5.6,Chapter summary and handoff,moe-ch05-s06-chapter-summary-and-handoff,standalone_skill_mds/sections/ch05/06-chapter-summary-and-handoff.skill.md,individual_skill_dirs/sections/ch05/06-chapter-summary-and-handoff/SKILL.md,references/section-skills/ch05/06-chapter-summary-and-handoff.md,Reader checkpoint: explain why gates sum to one after selecting top-k only.,latex_book_skeleton/chapters/ch05/sections/06-chapter-summary-and-handoff.tex,latex_book_skeleton/figures/ch05/fig-chapter-summary-and-handoff.tex,latex_book_skeleton/tables/ch05/tab-chapter-summary-and-handoff.tex,latex_book_skeleton/equations/ch05/eq-chapter-summary-and-handoff.tex,latex_book_skeleton/listings/ch05/lst-chapter-summary-and-handoff.tex
ch06,6.1,Flattened tokens as the dispatch unit,moe-ch06-s01-flattened-tokens-as-the-dispatch-unit,standalone_skill_mds/sections/ch06/01-flattened-tokens-as-the-dispatch-unit.skill.md,individual_skill_dirs/sections/ch06/01-flattened-tokens-as-the-dispatch-unit/SKILL.md,references/section-skills/ch06/01-flattened-tokens-as-the-dispatch-unit.md,Round-trip flatten/unflatten equality check.,latex_book_skeleton/chapters/ch06/sections/01-flattened-tokens-as-the-dispatch-unit.tex,latex_book_skeleton/figures/ch06/fig-flattened-tokens-as-the-dispatch-unit.tex,latex_book_skeleton/tables/ch06/tab-flattened-tokens-as-the-dispatch-unit.tex,latex_book_skeleton/equations/ch06/eq-flattened-tokens-as-the-dispatch-unit.tex,latex_book_skeleton/listings/ch06/lst-flattened-tokens-as-the-dispatch-unit.tex
ch06,6.2,Expert batch construction,moe-ch06-s02-expert-batch-construction,standalone_skill_mds/sections/ch06/02-expert-batch-construction.skill.md,individual_skill_dirs/sections/ch06/02-expert-batch-construction/SKILL.md,references/section-skills/ch06/02-expert-batch-construction.md,Ensure each accepted route has exactly one expert slot.,latex_book_skeleton/chapters/ch06/sections/02-expert-batch-construction.tex,latex_book_skeleton/figures/ch06/fig-expert-batch-construction.tex,latex_book_skeleton/tables/ch06/tab-expert-batch-construction.tex,latex_book_skeleton/equations/ch06/eq-expert-batch-construction.tex,latex_book_skeleton/listings/ch06/lst-expert-batch-construction.tex
ch06,6.3,Capacity factors and overflow policy,moe-ch06-s03-capacity-factors-and-overflow-policy,standalone_skill_mds/sections/ch06/03-capacity-factors-and-overflow-policy.skill.md,individual_skill_dirs/sections/ch06/03-capacity-factors-and-overflow-policy/SKILL.md,references/section-skills/ch06/03-capacity-factors-and-overflow-policy.md,Log overflow route count and overflow fraction.,latex_book_skeleton/chapters/ch06/sections/03-capacity-factors-and-overflow-policy.tex,latex_book_skeleton/figures/ch06/fig-capacity-factors-and-overflow-policy.tex,latex_book_skeleton/tables/ch06/tab-capacity-factors-and-overflow-policy.tex,latex_book_skeleton/equations/ch06/eq-capacity-factors-and-overflow-policy.tex,latex_book_skeleton/listings/ch06/lst-capacity-factors-and-overflow-policy.tex
ch06,6.4,Unpacking and weighted combine,moe-ch06-s04-unpacking-and-weighted-combine,standalone_skill_mds/sections/ch06/04-unpacking-and-weighted-combine.skill.md,individual_skill_dirs/sections/ch06/04-unpacking-and-weighted-combine/SKILL.md,references/section-skills/ch06/04-unpacking-and-weighted-combine.md,Compare vectorized output to naive output when capacity is large enough for no overflow.,latex_book_skeleton/chapters/ch06/sections/04-unpacking-and-weighted-combine.tex,latex_book_skeleton/figures/ch06/fig-unpacking-and-weighted-combine.tex,latex_book_skeleton/tables/ch06/tab-unpacking-and-weighted-combine.tex,latex_book_skeleton/equations/ch06/eq-unpacking-and-weighted-combine.tex,latex_book_skeleton/listings/ch06/lst-unpacking-and-weighted-combine.tex
ch06,6.5,Equivalence tests against the naive layer,moe-ch06-s05-equivalence-tests-against-the-naive-layer,standalone_skill_mds/sections/ch06/05-equivalence-tests-against-the-naive-layer.skill.md,individual_skill_dirs/sections/ch06/05-equivalence-tests-against-the-naive-layer/SKILL.md,references/section-skills/ch06/05-equivalence-tests-against-the-naive-layer.md,Fail if max_abs_diff exceeds tolerance in no-overflow settings.,latex_book_skeleton/chapters/ch06/sections/05-equivalence-tests-against-the-naive-layer.tex,latex_book_skeleton/figures/ch06/fig-equivalence-tests-against-the-naive-layer.tex,latex_book_skeleton/tables/ch06/tab-equivalence-tests-against-the-naive-layer.tex,latex_book_skeleton/equations/ch06/eq-equivalence-tests-against-the-naive-layer.tex,latex_book_skeleton/listings/ch06/lst-equivalence-tests-against-the-naive-layer.tex
ch06,6.6,Chapter summary and handoff,moe-ch06-s06-chapter-summary-and-handoff,standalone_skill_mds/sections/ch06/06-chapter-summary-and-handoff.skill.md,individual_skill_dirs/sections/ch06/06-chapter-summary-and-handoff/SKILL.md,references/section-skills/ch06/06-chapter-summary-and-handoff.md,Reader checkpoint: identify where dropped routes enter the output calculation.,latex_book_skeleton/chapters/ch06/sections/06-chapter-summary-and-handoff.tex,latex_book_skeleton/figures/ch06/fig-chapter-summary-and-handoff.tex,latex_book_skeleton/tables/ch06/tab-chapter-summary-and-handoff.tex,latex_book_skeleton/equations/ch06/eq-chapter-summary-and-handoff.tex,latex_book_skeleton/listings/ch06/lst-chapter-summary-and-handoff.tex
ch07,7.1,Expert imbalance as a training problem,moe-ch07-s01-expert-imbalance-as-a-training-problem,standalone_skill_mds/sections/ch07/01-expert-imbalance-as-a-training-problem.skill.md,individual_skill_dirs/sections/ch07/01-expert-imbalance-as-a-training-problem/SKILL.md,references/section-skills/ch07/01-expert-imbalance-as-a-training-problem.md,Report max_load/mean_load and number of empty experts.,latex_book_skeleton/chapters/ch07/sections/01-expert-imbalance-as-a-training-problem.tex,latex_book_skeleton/figures/ch07/fig-expert-imbalance-as-a-training-problem.tex,latex_book_skeleton/tables/ch07/tab-expert-imbalance-as-a-training-problem.tex,latex_book_skeleton/equations/ch07/eq-expert-imbalance-as-a-training-problem.tex,latex_book_skeleton/listings/ch07/lst-expert-imbalance-as-a-training-problem.tex
ch07,7.2,Auxiliary load-balancing loss,moe-ch07-s02-auxiliary-load-balancing-loss,standalone_skill_mds/sections/ch07/02-auxiliary-load-balancing-loss.skill.md,individual_skill_dirs/sections/ch07/02-auxiliary-load-balancing-loss/SKILL.md,references/section-skills/ch07/02-auxiliary-load-balancing-loss.md,Check loss is lower for balanced synthetic routing than collapsed routing.,latex_book_skeleton/chapters/ch07/sections/02-auxiliary-load-balancing-loss.tex,latex_book_skeleton/figures/ch07/fig-auxiliary-load-balancing-loss.tex,latex_book_skeleton/tables/ch07/tab-auxiliary-load-balancing-loss.tex,latex_book_skeleton/equations/ch07/eq-auxiliary-load-balancing-loss.tex,latex_book_skeleton/listings/ch07/lst-auxiliary-load-balancing-loss.tex
ch07,7.3,Integrating auxiliary loss into training,moe-ch07-s03-integrating-auxiliary-loss-into-training,standalone_skill_mds/sections/ch07/03-integrating-auxiliary-loss-into-training.skill.md,individual_skill_dirs/sections/ch07/03-integrating-auxiliary-loss-into-training/SKILL.md,references/section-skills/ch07/03-integrating-auxiliary-loss-into-training.md,Log individual losses separately so balancing cannot hide LM degradation.,latex_book_skeleton/chapters/ch07/sections/03-integrating-auxiliary-loss-into-training.tex,latex_book_skeleton/figures/ch07/fig-integrating-auxiliary-loss-into-training.tex,latex_book_skeleton/tables/ch07/tab-integrating-auxiliary-loss-into-training.tex,latex_book_skeleton/equations/ch07/eq-integrating-auxiliary-loss-into-training.tex,latex_book_skeleton/listings/ch07/lst-integrating-auxiliary-loss-into-training.tex
ch07,7.4,Router score scale and z-loss,moe-ch07-s04-router-score-scale-and-z-loss,standalone_skill_mds/sections/ch07/04-router-score-scale-and-z-loss.skill.md,individual_skill_dirs/sections/ch07/04-router-score-scale-and-z-loss/SKILL.md,references/section-skills/ch07/04-router-score-scale-and-z-loss.md,"Track router score max, entropy, and z-loss over training.",latex_book_skeleton/chapters/ch07/sections/04-router-score-scale-and-z-loss.tex,latex_book_skeleton/figures/ch07/fig-router-score-scale-and-z-loss.tex,latex_book_skeleton/tables/ch07/tab-router-score-scale-and-z-loss.tex,latex_book_skeleton/equations/ch07/eq-router-score-scale-and-z-loss.tex,latex_book_skeleton/listings/ch07/lst-router-score-scale-and-z-loss.tex
ch07,7.5,Routing dashboards and training logs,moe-ch07-s05-routing-dashboards-and-training-logs,standalone_skill_mds/sections/ch07/05-routing-dashboards-and-training-logs.skill.md,individual_skill_dirs/sections/ch07/05-routing-dashboards-and-training-logs/SKILL.md,references/section-skills/ch07/05-routing-dashboards-and-training-logs.md,Generate a dashboard PDF or image after a short smoke run.,latex_book_skeleton/chapters/ch07/sections/05-routing-dashboards-and-training-logs.tex,latex_book_skeleton/figures/ch07/fig-routing-dashboards-and-training-logs.tex,latex_book_skeleton/tables/ch07/tab-routing-dashboards-and-training-logs.tex,latex_book_skeleton/equations/ch07/eq-routing-dashboards-and-training-logs.tex,latex_book_skeleton/listings/ch07/lst-routing-dashboards-and-training-logs.tex
ch07,7.6,Chapter summary and handoff,moe-ch07-s06-chapter-summary-and-handoff,standalone_skill_mds/sections/ch07/06-chapter-summary-and-handoff.skill.md,individual_skill_dirs/sections/ch07/06-chapter-summary-and-handoff/SKILL.md,references/section-skills/ch07/06-chapter-summary-and-handoff.md,Reader checkpoint: explain why aux_loss must be logged separately from LM loss.,latex_book_skeleton/chapters/ch07/sections/06-chapter-summary-and-handoff.tex,latex_book_skeleton/figures/ch07/fig-chapter-summary-and-handoff.tex,latex_book_skeleton/tables/ch07/tab-chapter-summary-and-handoff.tex,latex_book_skeleton/equations/ch07/eq-chapter-summary-and-handoff.tex,latex_book_skeleton/listings/ch07/lst-chapter-summary-and-handoff.tex
ch08,8.1,The role of shared experts,moe-ch08-s01-the-role-of-shared-experts,standalone_skill_mds/sections/ch08/01-the-role-of-shared-experts.skill.md,individual_skill_dirs/sections/ch08/01-the-role-of-shared-experts/SKILL.md,references/section-skills/ch08/01-the-role-of-shared-experts.md,"Verify shared experts receive gradients for every token, not only selected tokens.",latex_book_skeleton/chapters/ch08/sections/01-the-role-of-shared-experts.tex,latex_book_skeleton/figures/ch08/fig-the-role-of-shared-experts.tex,latex_book_skeleton/tables/ch08/tab-the-role-of-shared-experts.tex,latex_book_skeleton/equations/ch08/eq-the-role-of-shared-experts.tex,latex_book_skeleton/listings/ch08/lst-the-role-of-shared-experts.tex
ch08,8.2,Fine-grained routed expert segmentation,moe-ch08-s02-fine-grained-routed-expert-segmentation,standalone_skill_mds/sections/ch08/02-fine-grained-routed-expert-segmentation.skill.md,individual_skill_dirs/sections/ch08/02-fine-grained-routed-expert-segmentation/SKILL.md,references/section-skills/ch08/02-fine-grained-routed-expert-segmentation.md,Compute total and active expert parameters for several segmentations.,latex_book_skeleton/chapters/ch08/sections/02-fine-grained-routed-expert-segmentation.tex,latex_book_skeleton/figures/ch08/fig-fine-grained-routed-expert-segmentation.tex,latex_book_skeleton/tables/ch08/tab-fine-grained-routed-expert-segmentation.tex,latex_book_skeleton/equations/ch08/eq-fine-grained-routed-expert-segmentation.tex,latex_book_skeleton/listings/ch08/lst-fine-grained-routed-expert-segmentation.tex
ch08,8.3,The MiniDeepSeekMoE layer contract,moe-ch08-s03-the-minideepseekmoe-layer-contract,standalone_skill_mds/sections/ch08/03-the-minideepseekmoe-layer-contract.skill.md,individual_skill_dirs/sections/ch08/03-the-minideepseekmoe-layer-contract/SKILL.md,references/section-skills/ch08/03-the-minideepseekmoe-layer-contract.md,Assert layer output shape equals input shape under smoke and default configs.,latex_book_skeleton/chapters/ch08/sections/03-the-minideepseekmoe-layer-contract.tex,latex_book_skeleton/figures/ch08/fig-the-minideepseekmoe-layer-contract.tex,latex_book_skeleton/tables/ch08/tab-the-minideepseekmoe-layer-contract.tex,latex_book_skeleton/equations/ch08/eq-the-minideepseekmoe-layer-contract.tex,latex_book_skeleton/listings/ch08/lst-the-minideepseekmoe-layer-contract.tex
ch08,8.4,Combining shared and routed outputs,moe-ch08-s04-combining-shared-and-routed-outputs,standalone_skill_mds/sections/ch08/04-combining-shared-and-routed-outputs.skill.md,individual_skill_dirs/sections/ch08/04-combining-shared-and-routed-outputs/SKILL.md,references/section-skills/ch08/04-combining-shared-and-routed-outputs.md,Ablate shared_out to zero and routed_out to zero to confirm both paths affect output.,latex_book_skeleton/chapters/ch08/sections/04-combining-shared-and-routed-outputs.tex,latex_book_skeleton/figures/ch08/fig-combining-shared-and-routed-outputs.tex,latex_book_skeleton/tables/ch08/tab-combining-shared-and-routed-outputs.tex,latex_book_skeleton/equations/ch08/eq-combining-shared-and-routed-outputs.tex,latex_book_skeleton/listings/ch08/lst-combining-shared-and-routed-outputs.tex
ch08,8.5,Specialization diagnostics,moe-ch08-s05-specialization-diagnostics,standalone_skill_mds/sections/ch08/05-specialization-diagnostics.skill.md,individual_skill_dirs/sections/ch08/05-specialization-diagnostics/SKILL.md,references/section-skills/ch08/05-specialization-diagnostics.md,Generate expert usage heatmaps without overclaiming semantic specialization.,latex_book_skeleton/chapters/ch08/sections/05-specialization-diagnostics.tex,latex_book_skeleton/figures/ch08/fig-specialization-diagnostics.tex,latex_book_skeleton/tables/ch08/tab-specialization-diagnostics.tex,latex_book_skeleton/equations/ch08/eq-specialization-diagnostics.tex,latex_book_skeleton/listings/ch08/lst-specialization-diagnostics.tex
ch08,8.6,Chapter summary and handoff,moe-ch08-s06-chapter-summary-and-handoff,standalone_skill_mds/sections/ch08/06-chapter-summary-and-handoff.skill.md,individual_skill_dirs/sections/ch08/06-chapter-summary-and-handoff/SKILL.md,references/section-skills/ch08/06-chapter-summary-and-handoff.md,Reader checkpoint: distinguish shared expert compute from routed active compute.,latex_book_skeleton/chapters/ch08/sections/06-chapter-summary-and-handoff.tex,latex_book_skeleton/figures/ch08/fig-chapter-summary-and-handoff.tex,latex_book_skeleton/tables/ch08/tab-chapter-summary-and-handoff.tex,latex_book_skeleton/equations/ch08/eq-chapter-summary-and-handoff.tex,latex_book_skeleton/listings/ch08/lst-chapter-summary-and-handoff.tex
ch09,9.1,The limitation of auxiliary balancing,moe-ch09-s01-the-limitation-of-auxiliary-balancing,standalone_skill_mds/sections/ch09/01-the-limitation-of-auxiliary-balancing.skill.md,individual_skill_dirs/sections/ch09/01-the-limitation-of-auxiliary-balancing/SKILL.md,references/section-skills/ch09/01-the-limitation-of-auxiliary-balancing.md,"Compare LM loss and load balance separately, not only total loss.",latex_book_skeleton/chapters/ch09/sections/01-the-limitation-of-auxiliary-balancing.tex,latex_book_skeleton/figures/ch09/fig-the-limitation-of-auxiliary-balancing.tex,latex_book_skeleton/tables/ch09/tab-the-limitation-of-auxiliary-balancing.tex,latex_book_skeleton/equations/ch09/eq-the-limitation-of-auxiliary-balancing.tex,latex_book_skeleton/listings/ch09/lst-the-limitation-of-auxiliary-balancing.tex
ch09,9.2,Router bias as non-trainable state,moe-ch09-s02-router-bias-as-non-trainable-state,standalone_skill_mds/sections/ch09/02-router-bias-as-non-trainable-state.skill.md,individual_skill_dirs/sections/ch09/02-router-bias-as-non-trainable-state/SKILL.md,references/section-skills/ch09/02-router-bias-as-non-trainable-state.md,Assert router_bias.requires_grad is false and optimizer does not update it.,latex_book_skeleton/chapters/ch09/sections/02-router-bias-as-non-trainable-state.tex,latex_book_skeleton/figures/ch09/fig-router-bias-as-non-trainable-state.tex,latex_book_skeleton/tables/ch09/tab-router-bias-as-non-trainable-state.tex,latex_book_skeleton/equations/ch09/eq-router-bias-as-non-trainable-state.tex,latex_book_skeleton/listings/ch09/lst-router-bias-as-non-trainable-state.tex
ch09,9.3,Biased selection and unbiased combine,moe-ch09-s03-biased-selection-and-unbiased-combine,standalone_skill_mds/sections/ch09/03-biased-selection-and-unbiased-combine.skill.md,individual_skill_dirs/sections/ch09/03-biased-selection-and-unbiased-combine/SKILL.md,references/section-skills/ch09/03-biased-selection-and-unbiased-combine.md,Unit test that changing bias can change expert IDs while gate values still come from raw scores.,latex_book_skeleton/chapters/ch09/sections/03-biased-selection-and-unbiased-combine.tex,latex_book_skeleton/figures/ch09/fig-biased-selection-and-unbiased-combine.tex,latex_book_skeleton/tables/ch09/tab-biased-selection-and-unbiased-combine.tex,latex_book_skeleton/equations/ch09/eq-biased-selection-and-unbiased-combine.tex,latex_book_skeleton/listings/ch09/lst-biased-selection-and-unbiased-combine.tex
ch09,9.4,Dynamic bias update from expert load,moe-ch09-s04-dynamic-bias-update-from-expert-load,standalone_skill_mds/sections/ch09/04-dynamic-bias-update-from-expert-load.skill.md,individual_skill_dirs/sections/ch09/04-dynamic-bias-update-from-expert-load/SKILL.md,references/section-skills/ch09/04-dynamic-bias-update-from-expert-load.md,Track bias values over training beside expert loads.,latex_book_skeleton/chapters/ch09/sections/04-dynamic-bias-update-from-expert-load.tex,latex_book_skeleton/figures/ch09/fig-dynamic-bias-update-from-expert-load.tex,latex_book_skeleton/tables/ch09/tab-dynamic-bias-update-from-expert-load.tex,latex_book_skeleton/equations/ch09/eq-dynamic-bias-update-from-expert-load.tex,latex_book_skeleton/listings/ch09/lst-dynamic-bias-update-from-expert-load.tex
ch09,9.5,Comparing balancing methods,moe-ch09-s05-comparing-balancing-methods,standalone_skill_mds/sections/ch09/05-comparing-balancing-methods.skill.md,individual_skill_dirs/sections/ch09/05-comparing-balancing-methods/SKILL.md,references/section-skills/ch09/05-comparing-balancing-methods.md,"Produce a table with LM loss, aux loss if used, load balance score, entropy, and drop rate.",latex_book_skeleton/chapters/ch09/sections/05-comparing-balancing-methods.tex,latex_book_skeleton/figures/ch09/fig-comparing-balancing-methods.tex,latex_book_skeleton/tables/ch09/tab-comparing-balancing-methods.tex,latex_book_skeleton/equations/ch09/eq-comparing-balancing-methods.tex,latex_book_skeleton/listings/ch09/lst-comparing-balancing-methods.tex
ch09,9.6,Chapter summary and handoff,moe-ch09-s06-chapter-summary-and-handoff,standalone_skill_mds/sections/ch09/06-chapter-summary-and-handoff.skill.md,individual_skill_dirs/sections/ch09/06-chapter-summary-and-handoff/SKILL.md,references/section-skills/ch09/06-chapter-summary-and-handoff.md,Reader checkpoint: explain why bias should not be included in combine weights.,latex_book_skeleton/chapters/ch09/sections/06-chapter-summary-and-handoff.tex,latex_book_skeleton/figures/ch09/fig-chapter-summary-and-handoff.tex,latex_book_skeleton/tables/ch09/tab-chapter-summary-and-handoff.tex,latex_book_skeleton/equations/ch09/eq-chapter-summary-and-handoff.tex,latex_book_skeleton/listings/ch09/lst-chapter-summary-and-handoff.tex
ch10,10.1,Configuration objects and model variants,moe-ch10-s01-configuration-objects-and-model-variants,standalone_skill_mds/sections/ch10/01-configuration-objects-and-model-variants.skill.md,individual_skill_dirs/sections/ch10/01-configuration-objects-and-model-variants/SKILL.md,references/section-skills/ch10/01-configuration-objects-and-model-variants.md,Print model summary and assert required fields exist.,latex_book_skeleton/chapters/ch10/sections/01-configuration-objects-and-model-variants.tex,latex_book_skeleton/figures/ch10/fig-configuration-objects-and-model-variants.tex,latex_book_skeleton/tables/ch10/tab-configuration-objects-and-model-variants.tex,latex_book_skeleton/equations/ch10/eq-configuration-objects-and-model-variants.tex,latex_book_skeleton/listings/ch10/lst-configuration-objects-and-model-variants.tex
ch10,10.2,Decoder block with dense prefix and MoE layers,moe-ch10-s02-decoder-block-with-dense-prefix-and-moe-la,standalone_skill_mds/sections/ch10/02-decoder-block-with-dense-prefix-and-moe-layers.skill.md,individual_skill_dirs/sections/ch10/02-decoder-block-with-dense-prefix-and-moe-layers/SKILL.md,references/section-skills/ch10/02-decoder-block-with-dense-prefix-and-moe-layers.md,List layer types during model initialization.,latex_book_skeleton/chapters/ch10/sections/02-decoder-block-with-dense-prefix-and-moe-layers.tex,latex_book_skeleton/figures/ch10/fig-decoder-block-with-dense-prefix-and-moe-layers.tex,latex_book_skeleton/tables/ch10/tab-decoder-block-with-dense-prefix-and-moe-layers.tex,latex_book_skeleton/equations/ch10/eq-decoder-block-with-dense-prefix-and-moe-layers.tex,latex_book_skeleton/listings/ch10/lst-decoder-block-with-dense-prefix-and-moe-layers.tex
ch10,10.3,Forward pass outputs and loss dictionary,moe-ch10-s03-forward-pass-outputs-and-loss-dictionary,standalone_skill_mds/sections/ch10/03-forward-pass-outputs-and-loss-dictionary.skill.md,individual_skill_dirs/sections/ch10/03-forward-pass-outputs-and-loss-dictionary/SKILL.md,references/section-skills/ch10/03-forward-pass-outputs-and-loss-dictionary.md,"Unit test for output keys under dense, auxiliary, and bias modes.",latex_book_skeleton/chapters/ch10/sections/03-forward-pass-outputs-and-loss-dictionary.tex,latex_book_skeleton/figures/ch10/fig-forward-pass-outputs-and-loss-dictionary.tex,latex_book_skeleton/tables/ch10/tab-forward-pass-outputs-and-loss-dictionary.tex,latex_book_skeleton/equations/ch10/eq-forward-pass-outputs-and-loss-dictionary.tex,latex_book_skeleton/listings/ch10/lst-forward-pass-outputs-and-loss-dictionary.tex
ch10,10.4,Training and sampling scripts,moe-ch10-s04-training-and-sampling-scripts,standalone_skill_mds/sections/ch10/04-training-and-sampling-scripts.skill.md,individual_skill_dirs/sections/ch10/04-training-and-sampling-scripts/SKILL.md,references/section-skills/ch10/04-training-and-sampling-scripts.md,Verify checkpoint reload produces logits of the same shape.,latex_book_skeleton/chapters/ch10/sections/04-training-and-sampling-scripts.tex,latex_book_skeleton/figures/ch10/fig-training-and-sampling-scripts.tex,latex_book_skeleton/tables/ch10/tab-training-and-sampling-scripts.tex,latex_book_skeleton/equations/ch10/eq-training-and-sampling-scripts.tex,latex_book_skeleton/listings/ch10/lst-training-and-sampling-scripts.tex
ch10,10.5,Full-model smoke tests,moe-ch10-s05-full-model-smoke-tests,standalone_skill_mds/sections/ch10/05-full-model-smoke-tests.skill.md,individual_skill_dirs/sections/ch10/05-full-model-smoke-tests/SKILL.md,references/section-skills/ch10/05-full-model-smoke-tests.md,CI-style console summary for all smoke tests.,latex_book_skeleton/chapters/ch10/sections/05-full-model-smoke-tests.tex,latex_book_skeleton/figures/ch10/fig-full-model-smoke-tests.tex,latex_book_skeleton/tables/ch10/tab-full-model-smoke-tests.tex,latex_book_skeleton/equations/ch10/eq-full-model-smoke-tests.tex,latex_book_skeleton/listings/ch10/lst-full-model-smoke-tests.tex
ch10,10.6,Chapter summary and handoff,moe-ch10-s06-chapter-summary-and-handoff,standalone_skill_mds/sections/ch10/06-chapter-summary-and-handoff.skill.md,individual_skill_dirs/sections/ch10/06-chapter-summary-and-handoff/SKILL.md,references/section-skills/ch10/06-chapter-summary-and-handoff.md,Reader checkpoint: run the smoke model and inspect router metrics.,latex_book_skeleton/chapters/ch10/sections/06-chapter-summary-and-handoff.tex,latex_book_skeleton/figures/ch10/fig-chapter-summary-and-handoff.tex,latex_book_skeleton/tables/ch10/tab-chapter-summary-and-handoff.tex,latex_book_skeleton/equations/ch10/eq-chapter-summary-and-handoff.tex,latex_book_skeleton/listings/ch10/lst-chapter-summary-and-handoff.tex
ch11,11.1,Experiment design for a from-scratch book,moe-ch11-s01-experiment-design-for-a-from-scratch-book,standalone_skill_mds/sections/ch11/01-experiment-design-for-a-from-scratch-book.skill.md,individual_skill_dirs/sections/ch11/01-experiment-design-for-a-from-scratch-book/SKILL.md,references/section-skills/ch11/01-experiment-design-for-a-from-scratch-book.md,"Check that every experiment saves config, seed, logs, and git/code snapshot note.",latex_book_skeleton/chapters/ch11/sections/01-experiment-design-for-a-from-scratch-book.tex,latex_book_skeleton/figures/ch11/fig-experiment-design-for-a-from-scratch-book.tex,latex_book_skeleton/tables/ch11/tab-experiment-design-for-a-from-scratch-book.tex,latex_book_skeleton/equations/ch11/eq-experiment-design-for-a-from-scratch-book.tex,latex_book_skeleton/listings/ch11/lst-experiment-design-for-a-from-scratch-book.tex
ch11,11.2,Dataset preparation and reproducibility,moe-ch11-s02-dataset-preparation-and-reproducibility,standalone_skill_mds/sections/ch11/02-dataset-preparation-and-reproducibility.skill.md,individual_skill_dirs/sections/ch11/02-dataset-preparation-and-reproducibility/SKILL.md,references/section-skills/ch11/02-dataset-preparation-and-reproducibility.md,"Print token counts, split sizes, and a decoded sample from each split.",latex_book_skeleton/chapters/ch11/sections/02-dataset-preparation-and-reproducibility.tex,latex_book_skeleton/figures/ch11/fig-dataset-preparation-and-reproducibility.tex,latex_book_skeleton/tables/ch11/tab-dataset-preparation-and-reproducibility.tex,latex_book_skeleton/equations/ch11/eq-dataset-preparation-and-reproducibility.tex,latex_book_skeleton/listings/ch11/lst-dataset-preparation-and-reproducibility.tex
ch11,11.3,Loss curves and routing dashboards,moe-ch11-s03-loss-curves-and-routing-dashboards,standalone_skill_mds/sections/ch11/03-loss-curves-and-routing-dashboards.skill.md,individual_skill_dirs/sections/ch11/03-loss-curves-and-routing-dashboards/SKILL.md,references/section-skills/ch11/03-loss-curves-and-routing-dashboards.md,"Save dashboard figures through LaTeX wrappers, never raw includegraphics in prose.",latex_book_skeleton/chapters/ch11/sections/03-loss-curves-and-routing-dashboards.tex,latex_book_skeleton/figures/ch11/fig-loss-curves-and-routing-dashboards.tex,latex_book_skeleton/tables/ch11/tab-loss-curves-and-routing-dashboards.tex,latex_book_skeleton/equations/ch11/eq-loss-curves-and-routing-dashboards.tex,latex_book_skeleton/listings/ch11/lst-loss-curves-and-routing-dashboards.tex
ch11,11.4,"Ablation matrix: dense, top-1, top-2, shared, and bias-balanced",moe-ch11-s04-ablation-matrix-dense-top-1-top-2-shared-a,standalone_skill_mds/sections/ch11/04-ablation-matrix-dense-top-1-top-2-shared-and-bias-balanced.skill.md,individual_skill_dirs/sections/ch11/04-ablation-matrix-dense-top-1-top-2-shared-and-bias-balanced/SKILL.md,references/section-skills/ch11/04-ablation-matrix-dense-top-1-top-2-shared-and-bias-balanced.md,"Flag any run with unstable loss, high drop rate, or extreme expert collapse.",latex_book_skeleton/chapters/ch11/sections/04-ablation-matrix-dense-top-1-top-2-shared-and-bias-balanced.tex,latex_book_skeleton/figures/ch11/fig-ablation-matrix-dense-top-1-top-2-shared-and-bias-balanced.tex,latex_book_skeleton/tables/ch11/tab-ablation-matrix-dense-top-1-top-2-shared-and-bias-balanced.tex,latex_book_skeleton/equations/ch11/eq-ablation-matrix-dense-top-1-top-2-shared-and-bias-balanced.tex,latex_book_skeleton/listings/ch11/lst-ablation-matrix-dense-top-1-top-2-shared-and-bias-balanced.tex
ch11,11.5,Interpreting expert behavior carefully,moe-ch11-s05-interpreting-expert-behavior-carefully,standalone_skill_mds/sections/ch11/05-interpreting-expert-behavior-carefully.skill.md,individual_skill_dirs/sections/ch11/05-interpreting-expert-behavior-carefully/SKILL.md,references/section-skills/ch11/05-interpreting-expert-behavior-carefully.md,Generate a routing trace table and a usage heatmap.,latex_book_skeleton/chapters/ch11/sections/05-interpreting-expert-behavior-carefully.tex,latex_book_skeleton/figures/ch11/fig-interpreting-expert-behavior-carefully.tex,latex_book_skeleton/tables/ch11/tab-interpreting-expert-behavior-carefully.tex,latex_book_skeleton/equations/ch11/eq-interpreting-expert-behavior-carefully.tex,latex_book_skeleton/listings/ch11/lst-interpreting-expert-behavior-carefully.tex
ch11,11.6,Chapter summary and handoff,moe-ch11-s06-chapter-summary-and-handoff,standalone_skill_mds/sections/ch11/06-chapter-summary-and-handoff.skill.md,individual_skill_dirs/sections/ch11/06-chapter-summary-and-handoff/SKILL.md,references/section-skills/ch11/06-chapter-summary-and-handoff.md,"Reader checkpoint: identify whether a routing issue is code, loss, capacity, or data related.",latex_book_skeleton/chapters/ch11/sections/06-chapter-summary-and-handoff.tex,latex_book_skeleton/figures/ch11/fig-chapter-summary-and-handoff.tex,latex_book_skeleton/tables/ch11/tab-chapter-summary-and-handoff.tex,latex_book_skeleton/equations/ch11/eq-chapter-summary-and-handoff.tex,latex_book_skeleton/listings/ch11/lst-chapter-summary-and-handoff.tex
ch12,12.1,Autoregressive inference with sparse FFNs,moe-ch12-s01-autoregressive-inference-with-sparse-ffns,standalone_skill_mds/sections/ch12/01-autoregressive-inference-with-sparse-ffns.skill.md,individual_skill_dirs/sections/ch12/01-autoregressive-inference-with-sparse-ffns/SKILL.md,references/section-skills/ch12/01-autoregressive-inference-with-sparse-ffns.md,Print selected experts for each generated token in a short sample.,latex_book_skeleton/chapters/ch12/sections/01-autoregressive-inference-with-sparse-ffns.tex,latex_book_skeleton/figures/ch12/fig-autoregressive-inference-with-sparse-ffns.tex,latex_book_skeleton/tables/ch12/tab-autoregressive-inference-with-sparse-ffns.tex,latex_book_skeleton/equations/ch12/eq-autoregressive-inference-with-sparse-ffns.tex,latex_book_skeleton/listings/ch12/lst-autoregressive-inference-with-sparse-ffns.tex
ch12,12.2,Batching routed tokens at inference,moe-ch12-s02-batching-routed-tokens-at-inference,standalone_skill_mds/sections/ch12/02-batching-routed-tokens-at-inference.skill.md,individual_skill_dirs/sections/ch12/02-batching-routed-tokens-at-inference/SKILL.md,references/section-skills/ch12/02-batching-routed-tokens-at-inference.md,Histogram expert batch sizes over a generated sequence.,latex_book_skeleton/chapters/ch12/sections/02-batching-routed-tokens-at-inference.tex,latex_book_skeleton/figures/ch12/fig-batching-routed-tokens-at-inference.tex,latex_book_skeleton/tables/ch12/tab-batching-routed-tokens-at-inference.tex,latex_book_skeleton/equations/ch12/eq-batching-routed-tokens-at-inference.tex,latex_book_skeleton/listings/ch12/lst-batching-routed-tokens-at-inference.tex
ch12,12.3,"Compute, memory, and active-parameter accounting",moe-ch12-s03-compute-memory-and-active-parameter-accoun,standalone_skill_mds/sections/ch12/03-compute-memory-and-active-parameter-accounting.skill.md,individual_skill_dirs/sections/ch12/03-compute-memory-and-active-parameter-accounting/SKILL.md,references/section-skills/ch12/03-compute-memory-and-active-parameter-accounting.md,Check estimates against model.count_parameters breakdown.,latex_book_skeleton/chapters/ch12/sections/03-compute-memory-and-active-parameter-accounting.tex,latex_book_skeleton/figures/ch12/fig-compute-memory-and-active-parameter-accounting.tex,latex_book_skeleton/tables/ch12/tab-compute-memory-and-active-parameter-accounting.tex,latex_book_skeleton/equations/ch12/eq-compute-memory-and-active-parameter-accounting.tex,latex_book_skeleton/listings/ch12/lst-compute-memory-and-active-parameter-accounting.tex
ch12,12.4,Expert parallelism and all-to-all communication,moe-ch12-s04-expert-parallelism-and-all-to-all-communic,standalone_skill_mds/sections/ch12/04-expert-parallelism-and-all-to-all-communication.skill.md,individual_skill_dirs/sections/ch12/04-expert-parallelism-and-all-to-all-communication/SKILL.md,references/section-skills/ch12/04-expert-parallelism-and-all-to-all-communication.md,Thought experiment table estimating routed activation traffic for a small config.,latex_book_skeleton/chapters/ch12/sections/04-expert-parallelism-and-all-to-all-communication.tex,latex_book_skeleton/figures/ch12/fig-expert-parallelism-and-all-to-all-communication.tex,latex_book_skeleton/tables/ch12/tab-expert-parallelism-and-all-to-all-communication.tex,latex_book_skeleton/equations/ch12/eq-expert-parallelism-and-all-to-all-communication.tex,latex_book_skeleton/listings/ch12/lst-expert-parallelism-and-all-to-all-communication.tex
ch12,12.5,Mapping the book model to production MoE families,moe-ch12-s05-mapping-the-book-model-to-production-moe-f,standalone_skill_mds/sections/ch12/05-mapping-the-book-model-to-production-moe-families.skill.md,individual_skill_dirs/sections/ch12/05-mapping-the-book-model-to-production-moe-families/SKILL.md,references/section-skills/ch12/05-mapping-the-book-model-to-production-moe-families.md,Reader checkpoint: identify which chapter implemented each production analogue.,latex_book_skeleton/chapters/ch12/sections/05-mapping-the-book-model-to-production-moe-families.tex,latex_book_skeleton/figures/ch12/fig-mapping-the-book-model-to-production-moe-families.tex,latex_book_skeleton/tables/ch12/tab-mapping-the-book-model-to-production-moe-families.tex,latex_book_skeleton/equations/ch12/eq-mapping-the-book-model-to-production-moe-families.tex,latex_book_skeleton/listings/ch12/lst-mapping-the-book-model-to-production-moe-families.tex
ch12,12.6,Book summary and next steps,moe-ch12-s06-book-summary-and-next-steps,standalone_skill_mds/sections/ch12/06-book-summary-and-next-steps.skill.md,individual_skill_dirs/sections/ch12/06-book-summary-and-next-steps/SKILL.md,references/section-skills/ch12/06-book-summary-and-next-steps.md,"Final self-test: build, train smoke, inspect routing, sample text, and explain limitations.",latex_book_skeleton/chapters/ch12/sections/06-book-summary-and-next-steps.tex,latex_book_skeleton/figures/ch12/fig-book-summary-and-next-steps.tex,latex_book_skeleton/tables/ch12/tab-book-summary-and-next-steps.tex,latex_book_skeleton/equations/ch12/eq-book-summary-and-next-steps.tex,latex_book_skeleton/listings/ch12/lst-book-summary-and-next-steps.tex
